symbol,run_start_date,peak_return_pct,peak_date,sector,market_cap_at_start,pct_below_52w_high,pct_above_52w_low,ret_10d,ret_30d,ret_60d,has_base,dist_ma50_pct,dist_ma200_pct,above_ma200,avg_vol_30d,avg_vol_90d,spike_days_2x,spike_days_3x,vol_trend_increasing,max_vol_ratio_30d,vol_ratio_on_start,signals_present,signals_list,green_on_start,vix,spy_regime,days_since_correction,revenue_growth_yoy,eps_positive,gross_margin
CHRD,2020-05-26,16371.25,2021-05-24,Energy,7681460736.0,91.39,112.5,-1.92,54.55,-68.9,False,14.61,-76.78,False,50823753,28780769,7,3,True,11.89,0.56,1,vol_increasing,False,28.01,above_ma50,0,38.5,False,
GME,2020-07-15,8193.79,2021-01-27,Consumer Cyclical,10886549504.0,41.04,58.75,-5.99,-2.39,-27.27,False,-9.87,-16.79,False,15785720,15972258,3,0,True,2.66,0.37,2,"green_day,vol_increasing",True,27.76,above_ma50,19,-13.9,True,
BTBT,2020-02-06,7217.5,2021-01-04,Financial Services,587838976.0,97.05,2.56,0.0,0.0,0.0,True,0.0,-76.44,False,0,43799,0,0,False,0.0,0.0,1,base_present,False,14.96,above_ma50,386,24.9,False,
MARA,2020-06-23,5041.82,2021-04-05,Financial Services,4932692480.0,68.77,211.43,21.11,43.42,118.0,False,54.57,5.5,True,6602323,3053196,10,7,True,11.53,2.85,2,"above_ma200,vol_increasing",False,31.37,above_ma50,12,-5.6,False,
AXSM,2019-01-02,3864.18,2019-12-26,Healthcare,11186324480.0,52.61,45.36,1.81,-5.05,-19.89,False,-13.23,-8.75,False,298893,274313,3,1,False,8.63,1.66,0,,False,23.22,below_ma50,0,57.4,False,
NVAX,2019-11-08,3789.11,2020-08-10,Healthcare,1662469248.0,91.28,12.22,0.67,-20.21,-32.02,False,-13.94,-59.46,False,507820,756940,0,0,False,1.43,1.13,0,,False,12.07,above_ma50,296,-79.1,False,
RIOT,2020-06-02,3003.59,2021-02-17,Financial Services,9105882112.0,42.53,344.23,3.65,106.36,78.74,False,66.03,53.61,True,5666237,2871077,9,5,True,7.51,5.67,3,"vol_3x,above_ma200,vol_increasing",False,26.84,above_ma50,7,3.6,False,
BITF,2020-07-14,2169.09,2021-02-22,Financial Services,1199686528.0,77.78,10.89,1.55,-21.61,-6.74,False,-17.95,-33.19,False,3013,5118,2,2,False,5.8,0.0,0,,False,29.52,above_ma50,18,,False,
RGTI,2024-06-14,1928.4,2025-01-02,Technology,6294624768.0,70.26,17.24,-2.86,-22.14,-40.35,False,-13.31,-22.53,False,3347737,6094263,0,0,False,1.05,0.42,0,,False,12.66,above_ma50,227,-17.9,False,
FCEL,2019-12-09,1900.0,2020-11-30,Industrials,725796736.0,95.04,330.77,-26.32,75.0,40.0,False,21.37,-59.5,False,1054539,610330,6,3,True,10.05,0.6,1,vol_increasing,False,15.86,above_ma50,327,60.7,False,
QBTS,2024-06-17,1500.0,2025-05-22,Technology,8360524288.0,64.38,100.0,-13.64,-18.57,-40.0,False,-19.42,-5.96,False,3229887,4456528,1,0,False,2.86,1.1,1,green_day,True,12.75,above_ma50,230,19.2,False,
NIO,2020-02-28,1421.55,2021-02-09,Consumer Cyclical,14658152448.0,61.05,247.9,2.73,-3.5,69.67,False,8.99,40.49,True,90941973,66045422,4,3,True,3.58,0.96,3,"green_day,above_ma200,vol_increasing",True,40.11,below_ma50,0,75.9,False,
SMMT,2023-12-01,1399.06,2024-09-13,Healthcare,14033019904.0,64.88,207.58,9.14,10.33,31.82,False,7.93,9.31,True,883510,1001827,0,0,False,1.99,1.7,2,"green_day,above_ma200",True,12.63,above_ma50,31,,False,
PR,2020-09-10,1320.54,2021-06-25,Energy,16989492224.0,90.54,145.11,-24.41,-33.02,-57.65,False,-29.4,-67.37,False,7060063,12761208,0,0,False,1.07,1.05,0,,False,29.71,above_ma50,76,0.9,True,
MTDR,2020-03-12,1221.29,2021-03-05,Energy,6863340544.0,91.1,7.03,-79.35,-87.05,-87.23,False,-85.6,-87.22,False,6102143,3670164,6,3,True,8.08,4.8,3,"vol_3x,green_day,vol_increasing",True,75.47,below_ma50,0,0.8,True,
PLUG,2020-02-21,1213.82,2021-01-26,Industrials,4351855616.0,8.93,255.48,29.65,35.05,63.02,False,44.29,90.84,True,16710170,12428448,4,2,True,5.62,1.97,3,"above_ma200,near_52w_high,vol_increasing",False,17.08,above_ma50,401,17.6,False,
CLSK,2020-07-08,1202.9,2021-01-07,Financial Services,3631691264.0,87.56,188.66,33.97,33.33,60.0,False,32.92,-30.36,False,3168877,2967701,4,3,False,9.76,1.55,1,green_day,True,28.08,above_ma50,12,11.6,False,
ASTS,2024-02-21,1121.52,2024-08-19,Technology,29123674112.0,53.5,28.19,15.28,-32.79,-23.68,False,-22.06,-23.88,False,5670930,3300862,5,4,True,13.49,0.83,1,vol_increasing,False,15.34,above_ma50,113,2731.3,False,
MARA,2019-12-20,1097.92,2020-12-21,Financial Services,4932692480.0,75.57,7.78,-14.91,-26.52,-43.27,False,-24.88,-53.6,False,104303,81597,4,2,True,5.05,0.75,1,vol_increasing,False,12.51,above_ma50,338,-5.6,False,
CHRD,2019-11-21,1096.91,2020-11-20,Energy,7681460736.0,67.39,6.69,-15.28,-17.21,-20.56,False,-19.42,-45.1,False,13266563,12726387,1,0,True,2.66,0.94,1,vol_increasing,False,13.13,above_ma50,309,38.5,False,
OVV,2020-03-12,1011.13,2021-03-12,Energy,16385290240.0,92.37,31.22,-72.33,-81.98,-86.29,False,-82.38,-86.19,False,7774240,5318161,6,3,True,7.66,3.48,2,"vol_3x,vol_increasing",False,75.47,below_ma50,0,-6.0,True,
GME,2021-01-13,1006.72,2021-01-27,Consumer Cyclical,10886549504.0,10.74,676.26,2.94,20.47,49.89,False,32.58,137.9,True,45185373,46528711,4,0,True,2.75,12.42,5,"vol_3x,green_day,above_ma200,near_52w_high,vol_increasing",True,22.21,above_ma50,201,-13.9,True,
CAR,2020-11-05,1005.45,2021-11-02,Industrials,5148616192.0,46.45,346.77,-25.58,4.3,-9.91,False,-11.87,7.67,True,2562770,2815824,1,0,True,2.18,1.84,3,"green_day,above_ma200,vol_increasing",True,27.58,above_ma50,132,4.1,False,
QXO,2023-07-03,988.08,2024-06-10,Industrials,13599647744.0,32.6,49.78,10.49,11.96,8.01,False,6.81,1.8,True,716,709,3,1,True,3.91,0.6,2,"above_ma200,vol_increasing",False,13.57,above_ma50,33,14725.0,False,
CELH,2020-02-21,987.19,2021-01-19,Consumer Defensive,8254627328.0,0.77,109.8,11.65,46.24,43.62,False,24.07,48.56,True,1263790,1047710,3,3,True,3.6,2.4,4,"green_day,above_ma200,near_52w_high,vol_increasing",True,17.08,above_ma50,401,137.7,True,
AMC,2020-09-10,953.03,2021-06-02,Communication Services,1112625920.0,46.81,221.03,11.79,50.48,12.59,False,27.54,16.33,True,977663,836928,4,2,True,5.14,0.7,2,"above_ma200,vol_increasing",False,29.71,above_ma50,76,21.2,False,
HUT,2020-08-05,944.22,2021-02-22,Financial Services,11086016512.0,53.92,154.74,16.05,0.53,2.17,False,-4.57,-1.36,False,32421,43885,0,0,False,1.91,1.4,0,,False,22.99,above_ma50,40,225.5,False,
W,2020-03-12,937.58,2020-08-26,Consumer Cyclical,8746088448.0,74.09,2.09,-36.02,-56.69,-49.95,False,-48.67,-59.08,False,2981793,2533498,3,1,True,4.22,2.27,1,vol_increasing,False,75.47,below_ma50,0,7.4,False,
CVNA,2023-05-11,928.18,2024-05-06,Consumer Cyclical,61884190720.0,77.35,270.42,79.16,67.09,22.67,False,54.38,-16.28,False,80906317,117049922,3,1,False,3.39,1.02,0,,False,16.93,above_ma50,0,52.0,True,
AEHR,2021-03-11,908.63,2021-11-05,Technology,3058200064.0,31.94,122.73,-15.52,-2.0,19.51,False,-5.41,24.08,True,699407,501299,6,5,True,5.93,0.25,3,"green_day,above_ma200,vol_increasing",True,21.91,above_ma50,258,-43.7,False,
ASTS,2023-08-21,889.74,2024-08-19,Technology,29123674112.0,72.04,8.45,-12.3,-12.5,-26.67,False,-18.49,-27.07,False,2181873,2334086,1,0,False,2.98,0.6,1,green_day,True,17.13,below_ma50,82,2731.3,False,
PR,2020-03-12,834.96,2021-03-12,Energy,16989492224.0,95.51,2.5,-76.9,-85.0,-87.15,False,-84.67,-89.14,False,9061517,7122521,4,1,True,4.74,1.98,2,"green_day,vol_increasing",True,75.47,below_ma50,0,0.9,True,
MSTR,2020-08-12,828.88,2021-02-09,Technology,65740513280.0,18.25,49.88,9.9,14.03,12.29,False,11.78,1.76,True,693967,766633,1,1,False,4.36,2.36,3,"green_day,above_ma200,near_52w_high",True,22.28,above_ma50,47,11.9,False,
RIOT,2020-11-30,821.89,2021-02-17,Financial Services,9105882112.0,17.76,1123.09,57.04,100.96,97.78,False,65.65,148.89,True,15657017,11696297,5,3,True,7.03,3.97,5,"vol_3x,green_day,above_ma200,near_52w_high,vol_increasing",True,20.57,above_ma50,157,3.6,False,
APLD,2022-06-17,797.22,2023-06-06,Technology,11787993088.0,78.81,1.98,-76.32,-69.44,0.0,False,-69.45,-69.45,False,624447,550478,4,3,True,6.18,1.27,2,"green_day,vol_increasing",True,31.13,below_ma50,0,139.3,False,
IONQ,2024-10-09,760.48,2025-10-13,Technology,18379812864.0,42.47,53.54,25.82,31.18,5.76,False,24.65,6.76,True,7256947,5553621,4,2,True,8.15,1.22,2,"above_ma200,vol_increasing",False,20.86,above_ma50,344,754.7,True,
MARA,2022-12-23,758.29,2023-12-27,Financial Services,4932692480.0,91.0,5.46,-26.6,-63.23,-65.92,False,-56.26,-71.05,False,18465950,17112071,0,0,True,1.91,0.5,1,vol_increasing,False,20.87,below_ma50,0,-5.6,False,
MSTR,2020-02-12,749.53,2021-02-09,Technology,65740513280.0,7.82,26.22,-0.33,7.1,-2.9,True,3.23,6.71,True,621900,608378,1,1,True,4.19,0.89,4,"above_ma200,near_52w_high,vol_increasing,base_present",False,13.74,above_ma50,392,11.9,False,
PENN,2020-03-12,748.8,2021-03-11,Consumer Cyclical,2240537856.0,49.44,18.48,-30.86,-31.74,-20.66,False,-32.01,-12.0,False,4747350,2427123,14,2,True,5.17,2.99,1,vol_increasing,False,75.47,below_ma50,0,6.4,False,
TSLA,2020-01-15,748.62,2021-01-08,Consumer Cyclical,1608764358656.0,1.73,203.93,28.59,60.64,109.35,False,41.51,96.07,True,195231850,148913667,4,1,True,3.14,1.75,3,"above_ma200,near_52w_high,vol_increasing",False,12.42,above_ma50,364,15.8,True,
LUNR,2022-02-22,745.26,2023-02-22,Industrials,4634095104.0,0.61,1.57,0.83,0.41,0.22,True,0.35,0.32,True,24097,26605,1,1,False,24.88,0.0,3,"above_ma200,near_52w_high,base_present",False,28.81,below_ma50,0,-18.1,False,
VKTX,2022-10-11,743.2,2023-06-08,Healthcare,3637589760.0,59.83,40.1,8.85,-14.5,-18.68,False,-11.27,-10.34,False,450783,855607,0,0,False,1.2,0.63,1,green_day,True,33.63,below_ma50,0,,False,
LUNR,2022-08-23,742.65,2023-02-22,Industrials,4634095104.0,0.71,1.88,-0.21,0.41,1.04,True,0.2,0.51,True,13730,21302,1,1,True,18.79,0.0,4,"above_ma200,near_52w_high,vol_increasing,base_present",False,24.11,above_ma50,0,-18.1,False,
FCEL,2019-06-11,742.5,2020-06-10,Industrials,725796736.0,98.04,7.32,-67.41,-83.33,-89.81,False,-80.35,-93.79,False,50777,24963,11,6,True,8.33,2.93,1,vol_increasing,False,15.99,above_ma50,146,60.7,False,
FCEL,2020-06-10,729.67,2021-02-09,Industrials,725796736.0,13.0,1907.69,20.28,21.96,125.0,False,35.65,103.61,True,286238,413340,0,0,False,1.47,4.13,4,"vol_3x,green_day,above_ma200,near_52w_high",True,27.57,above_ma50,15,60.7,False,
CVNA,2023-11-09,721.48,2024-11-11,Consumer Cyclical,61884190720.0,40.57,857.46,16.8,-17.58,-10.69,False,-13.62,37.35,True,36966667,74267044,0,0,False,1.35,0.57,1,above_ma200,False,15.29,above_ma50,9,52.0,True,
BTBT,2019-08-07,720.77,2020-08-06,Financial Services,587838976.0,95.08,4.22,-61.99,-79.29,-86.63,False,-77.12,-89.67,False,209023,124723,9,0,True,2.86,1.36,1,vol_increasing,False,19.49,below_ma50,203,24.9,False,
PINS,2020-03-18,716.39,2021-02-16,Communication Services,11914546176.0,65.65,20.42,-36.11,-43.68,-33.73,False,-38.75,-48.42,False,17103470,12383224,4,1,True,4.89,1.08,1,vol_increasing,False,76.45,below_ma50,0,17.8,True,
ZG,2020-03-19,715.16,2021-02-16,Communication Services,9595947008.0,64.89,26.06,-54.73,-52.15,-46.0,False,-51.26,-43.36,False,1189200,746871,8,5,True,6.42,2.4,2,"green_day,vol_increasing",True,72.0,below_ma50,0,18.4,True,
NVAX,2020-05-12,703.44,2021-02-08,Healthcare,1662469248.0,6.99,592.09,19.22,71.33,219.01,False,60.75,210.08,True,6903720,7953300,2,2,False,3.4,9.39,4,"vol_3x,green_day,above_ma200,near_52w_high",True,33.04,above_ma50,0,-79.1,False,
DDS,2020-12-11,700.82,2021-11-23,Consumer Cyclical,8796315648.0,28.85,146.22,5.39,14.52,51.1,False,11.35,51.15,True,324347,510291,0,0,False,1.13,0.42,2,"green_day,above_ma200",True,23.31,above_ma50,168,-3.0,True,
MRNA,2020-01-23,691.15,2020-12-08,Healthcare,21565333504.0,26.25,90.38,22.19,16.99,29.16,False,13.02,22.13,True,2427173,2328562,3,2,True,4.69,1.57,2,"above_ma200,vol_increasing",False,12.98,above_ma50,372,260.2,False,
RGTI,2024-12-13,686.87,2025-10-15,Technology,6294624768.0,25.0,804.55,95.74,352.27,632.52,False,211.23,347.95,True,75009617,27806320,13,11,True,11.27,4.48,4,"vol_3x,green_day,above_ma200,vol_increasing",True,13.81,above_ma50,409,-17.9,False,
AEHR,2020-09-09,675.36,2021-09-09,Technology,3058200064.0,34.89,64.55,-2.69,-12.56,-14.62,False,-9.15,-3.79,False,52637,77083,1,0,False,2.87,12.62,1,vol_3x,False,28.81,above_ma50,75,-43.7,False,
BITF,2020-01-13,673.5,2021-01-12,Financial Services,1199686528.0,66.93,10.01,-1.89,-16.05,5.93,False,-8.73,-32.11,False,6615,3898,7,6,True,14.86,3.85,2,"vol_3x,vol_increasing",False,12.32,above_ma50,362,,False,
Z,2020-03-19,659.5,2021-02-16,Communication Services,9479259136.0,62.49,24.8,-51.48,-49.07,-43.07,False,-48.24,-40.11,False,4885530,3368858,7,1,True,5.73,1.55,2,"green_day,vol_increasing",True,72.0,below_ma50,0,18.4,True,
CVNA,2022-11-08,658.97,2023-09-14,Consumer Cyclical,61884190720.0,97.57,10.63,-51.64,-70.24,-85.51,False,-68.57,-87.98,False,78423367,60094300,2,2,True,5.92,3.36,2,"vol_3x,vol_increasing",False,25.54,above_ma50,0,52.0,True,
PLTR,2024-08-05,656.33,2025-08-07,Technology,330349608960.0,17.06,80.85,-13.07,3.78,14.75,False,-1.72,14.77,True,41978863,42596341,0,0,True,1.8,2.07,4,"green_day,above_ma200,near_52w_high,vol_increasing",True,38.57,below_ma50,279,84.7,True,
RGTI,2023-12-13,651.53,2024-12-11,Technology,6294624768.0,70.96,176.67,-6.04,-6.04,-44.36,False,-14.41,-17.67,False,2385297,4911974,0,0,False,0.89,0.56,0,,False,12.19,above_ma50,43,-17.9,False,
SMMT,2020-02-12,646.0,2021-02-08,Healthcare,14033019904.0,35.77,39.58,10.49,5.47,3.27,False,3.79,4.98,True,53977,44379,5,1,True,5.42,2.35,2,"above_ma200,vol_increasing",False,13.74,above_ma50,392,,False,
CAR,2020-03-19,644.21,2021-03-15,Industrials,5148616192.0,85.32,22.52,-68.72,-78.07,-76.35,False,-76.13,-75.04,False,3180010,1694064,10,4,True,7.2,6.12,3,"vol_3x,green_day,vol_increasing",True,72.0,below_ma50,0,4.1,False,
CROX,2020-03-19,637.39,2021-03-15,Consumer Cyclical,5149338112.0,75.2,29.29,-55.03,-72.44,-73.06,False,-68.23,-63.7,False,1565673,1237354,5,1,True,3.47,2.31,2,"green_day,vol_increasing",True,72.0,below_ma50,0,-1.7,False,
NIO,2019-08-28,619.72,2020-08-26,Consumer Cyclical,14658152448.0,78.91,23.83,0.34,-15.41,-4.28,False,-6.6,-45.41,False,19545083,28004736,0,0,False,1.39,0.37,0,,False,19.35,below_ma50,224,75.9,False,
BE,2020-04-13,618.01,2021-02-08,Industrials,74248380416.0,60.26,151.64,17.85,-32.3,-37.03,False,-22.21,-11.46,False,3563040,3337107,1,0,False,2.73,0.64,0,,False,41.17,below_ma50,0,130.4,False,
HIMS,2024-02-20,615.3,2025-02-19,Healthcare,6532378112.0,18.72,77.52,17.17,20.12,32.32,False,12.6,23.68,True,2425210,2709566,0,0,False,1.5,1.3,2,"above_ma200,near_52w_high",False,15.42,above_ma50,112,28.4,True,
MRNA,2020-08-13,614.24,2021-08-09,Healthcare,21565333504.0,26.98,457.5,-10.45,12.88,-3.0,False,0.53,75.19,True,29171707,23807213,5,3,True,4.35,0.63,2,"above_ma200,vol_increasing",False,22.13,above_ma50,48,260.2,False,
BTBT,2020-08-13,613.9,2021-01-04,Financial Services,587838976.0,20.73,1457.14,47.8,235.38,407.57,False,102.18,322.46,True,355393,548207,3,2,False,3.43,0.33,1,above_ma200,False,22.13,above_ma50,48,24.9,False,
AR,2020-02-27,613.87,2021-02-17,Energy,11135505408.0,83.74,2.0,-13.56,-40.0,-23.12,False,-30.86,-57.58,False,11245870,11101504,0,0,True,1.31,1.49,1,vol_increasing,False,39.16,below_ma50,0,34.3,True,
SOUN,2023-12-07,613.74,2024-12-09,Technology,3785347072.0,59.1,124.73,-3.69,30.62,-7.52,False,8.52,-17.16,False,8460183,10347954,0,0,True,1.62,0.64,2,"green_day,vol_increasing",True,13.06,above_ma50,37,59.4,False,
QBTS,2023-12-14,608.82,2024-12-16,Technology,8360524288.0,70.0,142.42,17.07,19.11,3.9,False,10.65,-15.73,False,1685053,2283291,0,0,True,1.74,1.2,2,"green_day,vol_increasing",True,12.48,above_ma50,44,19.2,False,
ENPH,2019-01-02,607.93,2019-08-21,Technology,4804045312.0,37.76,158.47,-14.47,-14.62,1.94,False,-8.47,-9.35,False,1579577,2031999,1,0,False,2.05,0.37,1,green_day,True,23.22,below_ma50,0,-20.6,True,
ETSY,2020-03-19,605.65,2021-03-01,Consumer Cyclical,6109419008.0,45.33,14.77,-36.83,-20.82,-10.92,False,-23.25,-26.91,False,3824137,3089412,3,1,True,4.26,2.59,1,vol_increasing,False,72.0,below_ma50,0,3.1,True,
APP,2023-11-13,600.34,2024-11-08,Communication Services,157404463104.0,2.92,379.1,19.22,7.28,14.54,False,10.18,64.84,True,2793897,2757908,2,1,True,5.21,1.24,3,"above_ma200,near_52w_high,vol_increasing",False,14.76,above_ma50,13,59.0,True,
CVNA,2020-03-12,597.63,2021-03-02,Consumer Cyclical,61884190720.0,50.89,6.03,-36.25,-30.78,-38.42,False,-35.01,-27.44,False,12160467,8921289,7,1,True,3.76,2.34,1,vol_increasing,False,75.47,below_ma50,0,52.0,True,
RKLB,2024-06-20,597.08,2025-06-24,Industrials,61040865280.0,39.01,41.5,10.59,23.68,20.34,False,19.5,9.31,True,7605883,7681460,3,0,True,2.68,1.61,2,"above_ma200,vol_increasing",False,13.28,above_ma50,233,63.5,False,
XYZ,2020-03-19,591.43,2021-02-19,Technology,44549296128.0,54.73,22.18,-48.24,-49.52,-37.92,False,-45.4,-41.83,False,13345243,9461799,6,1,True,3.8,2.6,1,vol_increasing,False,72.0,below_ma50,0,4.9,True,
NVAX,2019-05-13,591.32,2020-05-12,Healthcare,1662469248.0,87.27,11.93,-38.02,-40.27,-85.07,False,-38.41,-78.09,False,633512,769517,1,0,False,2.31,1.57,0,,False,20.55,below_ma50,117,-79.1,False,
CLSK,2020-01-07,590.2,2021-01-06,Financial Services,3631691264.0,93.5,72.33,-9.3,-13.26,0.39,False,-15.66,-65.99,False,11611,12375,3,2,False,3.33,0.62,0,,False,13.79,above_ma50,356,11.6,False,
AMC,2020-03-12,583.85,2021-01-27,Communication Services,1112625920.0,77.24,2.25,-39.86,-45.9,-55.45,False,-44.12,-59.08,False,324983,345308,2,0,False,2.19,2.33,1,green_day,True,75.47,below_ma50,0,21.2,False,
BITF,2022-12-21,583.12,2023-12-22,Financial Services,1199686528.0,92.54,5.04,-7.79,-44.23,-56.72,False,-39.27,-73.37,False,2836555,3418607,0,0,True,1.61,0.5,1,vol_increasing,False,20.07,above_ma50,0,,False,
BE,2019-10-10,580.12,2020-10-09,Industrials,74248380416.0,89.23,2.33,-12.03,-28.1,-73.53,False,-39.42,-70.36,False,2504830,2122896,2,1,True,5.26,1.71,2,"green_day,vol_increasing",True,17.57,above_ma50,267,130.4,False,
VKTX,2022-04-11,579.56,2023-04-13,Healthcare,3637589760.0,59.72,0.17,-6.75,-13.43,-29.78,False,-13.32,-43.14,False,945130,1058588,1,1,False,5.48,0.86,0,,False,24.37,below_ma50,27,,False,
DDS,2020-06-15,577.37,2021-06-09,Consumer Cyclical,8796315648.0,65.24,39.02,2.54,5.39,-32.76,False,3.97,-45.64,False,831690,681976,3,1,True,3.18,3.24,2,"vol_3x,vol_increasing",False,34.4,above_ma50,4,-3.0,True,
SNAP,2020-03-12,576.1,2021-02-23,Communication Services,10075538432.0,45.28,10.7,-26.26,-43.52,-28.36,False,-35.3,-30.19,False,30713313,24353617,2,1,True,4.49,1.57,2,"green_day,vol_increasing",True,75.47,below_ma50,0,12.1,False,
BBAI,2024-04-19,574.48,2025-02-13,Technology,2002008576.0,68.09,31.9,-21.54,-59.31,-17.3,False,-32.72,-17.07,False,13282610,9368434,7,4,True,5.75,0.46,1,vol_increasing,False,18.71,below_ma50,171,-0.9,False,
RH,2020-04-02,573.33,2021-03-30,Consumer Cyclical,2530623744.0,65.42,21.18,-3.48,-63.94,-58.94,False,-49.82,-48.28,False,1873013,1394060,2,1,True,3.55,1.37,2,"green_day,vol_increasing",True,50.91,below_ma50,0,3.7,True,
HOOD,2024-08-07,569.57,2025-08-08,Financial Services,69365907456.0,30.83,117.57,-19.62,-22.27,6.04,False,-21.35,9.1,True,14173187,16314599,1,0,False,2.76,2.0,1,above_ma200,False,27.85,below_ma50,281,15.1,True,
RDW,2024-01-17,567.53,2025-01-03,Industrials,2202030080.0,39.3,19.57,-6.08,4.12,4.51,False,0.18,-4.0,False,157677,187748,1,0,True,2.47,0.71,1,vol_increasing,False,14.79,above_ma50,78,57.9,False,
FUTU,2020-01-14,566.89,2021-01-12,Financial Services,20270721024.0,45.18,12.33,6.02,1.15,-0.98,True,0.57,-8.08,False,89783,81489,3,0,True,2.98,0.97,3,"green_day,vol_increasing,base_present",True,12.39,above_ma50,363,53.1,True,
GME,2020-01-14,566.67,2021-01-13,Consumer Cyclical,10886549504.0,66.78,72.38,-11.42,-14.35,-9.95,False,-7.95,-9.52,False,20490947,22690262,1,1,True,3.44,2.21,1,vol_increasing,False,12.39,above_ma50,363,-13.9,True,
LUNR,2023-12-22,566.0,2024-12-24,Industrials,4634095104.0,98.12,3.23,-16.34,-14.95,-28.29,False,-15.23,-61.26,False,467363,370282,5,4,True,3.57,2.63,1,vol_increasing,False,13.03,above_ma50,52,-18.1,False,
FCX,2020-03-19,563.41,2021-02-22,Basic Materials,88623775744.0,63.33,9.48,-46.85,-57.21,-58.07,False,-51.95,-50.51,False,31751020,25968366,2,0,True,2.62,1.5,2,"green_day,vol_increasing",True,72.0,below_ma50,0,8.8,True,
LUNR,2024-06-26,562.93,2025-01-24,Industrials,4634095104.0,73.06,70.9,-13.98,-41.19,-46.32,False,-27.74,-16.14,False,2184010,7371424,0,0,False,0.55,0.31,0,,False,12.55,above_ma50,239,-18.1,False,
MARA,2020-12-21,561.65,2021-11-09,Financial Services,4932692480.0,10.91,2560.0,68.97,286.31,382.38,False,143.78,373.17,True,29779087,16264874,10,7,True,5.51,3.1,5,"vol_3x,green_day,above_ma200,near_52w_high,vol_increasing",True,25.16,above_ma50,178,-5.6,False,
MTDR,2020-10-29,561.03,2021-10-26,Energy,6863340544.0,64.9,527.03,-23.18,-22.84,-26.27,False,-21.32,-18.1,False,2803973,3055037,1,0,True,2.51,1.55,2,"green_day,vol_increasing",True,37.59,below_ma50,125,0.8,True,
CLSK,2022-12-30,558.33,2023-12-27,Financial Services,3631691264.0,85.98,12.07,2.63,-18.75,-41.44,False,-21.29,-61.1,False,2663027,2779260,1,0,False,2.35,0.62,1,green_day,True,21.67,below_ma50,0,11.6,False,
BILL,2020-03-18,557.31,2021-02-10,Technology,4139515392.0,47.54,3.64,-42.75,-36.41,-11.94,False,-32.25,-28.38,False,700600,751026,1,0,True,2.29,1.85,1,vol_increasing,False,76.45,below_ma50,0,13.5,False,
MSTR,2023-10-12,556.95,2024-10-11,Technology,65740513280.0,29.57,152.42,1.73,-9.97,-26.15,False,-3.98,9.69,True,4972700,7249300,0,0,False,1.18,0.61,1,above_ma200,False,16.69,below_ma50,134,11.9,False,
MRNA,2019-07-24,555.49,2020-07-17,Healthcare,21565333504.0,54.35,4.37,-6.08,-15.0,-45.9,False,-21.23,-28.77,False,1529173,1209627,2,1,True,4.64,0.97,2,"green_day,vol_increasing",True,12.07,above_ma50,189,260.2,False,
CZR,2020-03-12,550.84,2021-03-11,Consumer Cyclical,5711101440.0,64.98,8.12,-50.34,-59.24,-54.87,False,-56.35,-49.42,False,3348977,2020081,12,9,True,4.04,5.35,2,"vol_3x,vol_increasing",False,75.47,below_ma50,0,2.7,False,
HUT,2020-02-05,549.39,2021-01-08,Financial Services,11086016512.0,63.9,34.39,-36.11,1.9,-39.93,False,-18.64,-44.67,False,3628,3140,4,2,True,3.83,2.41,2,"green_day,vol_increasing",True,15.15,above_ma50,385,225.5,False,
BNTX,2020-08-12,547.13,2021-08-09,Healthcare,23802730496.0,34.81,446.51,-17.03,2.56,13.76,False,0.44,52.8,True,4765707,2647304,7,4,True,6.01,1.23,2,"above_ma200,vol_increasing",False,22.28,above_ma50,47,-35.4,False,
LC,2020-09-09,544.49,2021-09-07,Financial Services,1919439360.0,66.92,17.27,-8.5,-5.95,-6.99,False,-6.01,-40.18,False,1199653,1300211,1,0,False,2.28,0.83,0,,False,28.81,above_ma50,75,12.5,True,
DKNG,2019-10-04,542.94,2020-10-02,Consumer Cyclical,12651357184.0,0.3,1.33,0.41,0.41,0.0,True,0.59,0.59,True,24310,45808,4,1,False,6.33,0.02,3,"above_ma200,near_52w_high,base_present",False,17.04,above_ma50,261,16.8,False,
FUTU,2020-07-15,541.59,2021-02-16,Financial Services,20270721024.0,12.51,262.38,24.93,56.04,181.35,False,51.8,127.77,True,1134117,567239,13,3,True,7.35,1.31,3,"above_ma200,near_52w_high,vol_increasing",False,27.76,above_ma50,19,53.1,True,
IONQ,2024-04-10,538.37,2025-01-06,Technology,18379812864.0,61.11,58.79,-7.79,-27.4,-26.32,False,-17.06,-35.08,False,8307577,7311169,2,1,True,3.6,0.93,1,vol_increasing,False,15.8,above_ma50,162,754.7,True,
SMCI,2023-01-23,537.55,2024-01-24,Technology,21239044096.0,24.41,111.02,-14.71,-16.4,7.37,False,-13.93,17.7,True,16783533,10594589,6,4,True,7.96,1.12,3,"green_day,above_ma200,vol_increasing",True,19.81,above_ma50,0,122.7,True,
IONQ,2022-12-28,536.54,2023-08-01,Technology,18379812864.0,83.23,1.64,-28.24,-48.25,-41.06,False,-35.73,-51.35,False,3193887,2843470,1,0,True,2.4,1.19,1,vol_increasing,False,22.14,below_ma50,0,754.7,True,
APLD,2022-12-16,536.02,2023-07-25,Technology,11787993088.0,67.8,89.41,-14.81,-28.44,-8.52,False,-20.69,-29.23,False,705443,633022,2,1,True,3.35,10.45,2,"vol_3x,vol_increasing",False,22.62,below_ma50,0,139.3,False,
ROKU,2020-03-19,533.7,2021-02-16,Communication Services,19130771456.0,61.77,22.68,-36.58,-46.4,-50.69,False,-43.11,-45.73,False,14927573,15681867,1,1,True,4.05,0.84,2,"green_day,vol_increasing",True,72.0,below_ma50,0,22.4,True,
PLUG,2020-09-03,533.59,2021-01-26,Industrials,4351855616.0,8.43,508.33,-3.88,54.04,132.16,False,29.55,135.64,True,28336723,23216781,3,1,False,3.13,1.41,2,"above_ma200,near_52w_high",False,33.6,above_ma50,69,17.6,False,
QBTS,2023-05-03,532.61,2023-07-19,Technology,8360524288.0,96.64,2.3,-27.99,-19.09,-67.28,False,-28.81,-88.09,False,1183147,1681867,2,0,False,2.66,0.25,0,,False,18.34,above_ma50,0,19.2,False,
BE,2024-09-11,532.42,2025-09-11,Industrials,74248380416.0,44.05,20.66,-13.76,-22.34,-29.17,False,-17.29,-17.38,False,4814917,6330979,0,0,False,1.92,0.81,1,green_day,True,17.69,above_ma50,316,130.4,False,
RGTI,2023-03-20,532.3,2023-08-01,Technology,6294624768.0,94.76,7.54,-37.31,-52.48,-36.51,False,-42.04,-79.48,False,2133367,1368710,5,5,True,6.24,0.63,2,"green_day,vol_increasing",True,24.15,below_ma50,0,-17.9,False,
RUN,2020-01-14,531.96,2021-01-08,Technology,3485204992.0,28.85,33.68,10.92,9.8,-9.12,False,7.07,-5.56,False,1429367,1629474,0,0,False,1.65,1.07,1,green_day,True,12.39,above_ma50,363,43.2,True,
ZM,2019-09-25,528.81,2020-09-23,Technology,32188723200.0,25.45,33.5,-0.85,-16.17,-7.87,False,-11.87,-7.99,False,1924767,2302433,3,1,False,3.17,0.84,1,green_day,True,15.96,above_ma50,252,5.3,True,
SMCI,2022-06-23,528.24,2023-06-09,Technology,21239044096.0,25.64,31.93,-20.07,-15.07,3.63,False,-8.05,3.28,True,4572433,3683967,1,0,True,2.41,1.29,2,"above_ma200,vol_increasing",False,29.05,below_ma50,0,122.7,True,
VRT,2023-03-27,527.32,2024-03-26,Industrials,130585468928.0,26.79,68.81,-5.35,-9.47,5.99,False,-11.99,2.55,True,3652853,3018496,2,1,True,3.97,0.87,2,"above_ma200,vol_increasing",False,20.6,below_ma50,0,30.1,True,
QXO,2020-06-29,524.39,2021-06-28,Industrials,13599647744.0,72.85,23.46,-5.66,-1.48,7.53,False,-4.21,-27.45,False,5142,2248,6,3,True,27.81,0.37,2,"green_day,vol_increasing",True,31.78,above_ma50,3,14725.0,False,
PLUG,2019-08-21,521.36,2020-08-20,Industrials,4351855616.0,23.0,123.23,5.24,-3.91,-17.23,False,-1.92,8.67,True,2745430,3555496,0,0,False,1.91,0.36,1,above_ma200,False,15.8,below_ma50,217,17.6,False,
AA,2020-05-15,520.42,2021-05-11,Basic Materials,16672562176.0,73.01,31.98,-11.44,12.01,-57.7,False,-7.96,-58.12,False,9933963,8621003,1,0,True,2.41,0.78,1,vol_increasing,False,31.89,above_ma50,0,-5.2,True,
BBWI,2020-04-02,519.41,2021-03-30,Consumer Cyclical,3973276928.0,61.76,27.88,-4.75,-56.32,-42.53,False,-47.39,-47.37,False,15316979,12261584,2,1,True,3.49,1.56,2,"green_day,vol_increasing",True,50.91,below_ma50,0,-2.3,True,
QBTS,2024-12-16,519.36,2025-10-15,Technology,8360524288.0,7.06,634.21,81.16,380.77,439.37,False,155.73,242.38,True,37445203,15120057,14,9,True,6.85,10.84,5,"vol_3x,green_day,above_ma200,near_52w_high,vol_increasing",True,14.69,above_ma50,412,19.2,False,
PDD,2020-03-12,518.17,2021-02-17,Consumer Cyclical,140603097088.0,22.52,89.92,-0.34,-4.57,-3.84,True,-5.57,10.17,True,8311627,7244838,2,0,True,2.7,1.84,3,"above_ma200,vol_increasing,base_present",False,75.47,below_ma50,0,12.0,True,
SOUN,2024-06-25,518.11,2024-12-26,Technology,3785347072.0,61.17,167.11,-16.56,-21.81,-32.43,False,-13.7,17.5,True,22427537,54192802,0,0,False,1.63,0.17,1,above_ma200,False,12.84,above_ma50,238,59.4,False,
SE,2019-10-10,518.03,2020-10-09,Consumer Cyclical,53120786432.0,24.68,172.18,-11.86,-11.37,-16.58,False,-11.38,10.24,True,3468050,3520577,1,0,False,2.99,1.48,1,above_ma200,False,17.57,above_ma50,267,38.4,True,
AEHR,2022-07-05,517.02,2023-07-03,Technology,3058200064.0,74.38,197.85,-9.52,-14.95,-26.56,False,-13.31,-48.7,False,293473,507821,0,0,False,1.01,0.49,1,green_day,True,27.54,below_ma50,0,-43.7,False,
ENPH,2019-11-01,516.78,2020-10-20,Technology,4804045312.0,45.14,361.52,-21.49,-29.27,-38.47,False,-23.34,12.54,True,5397890,5343043,2,1,False,5.09,1.31,1,above_ma200,False,12.3,above_ma50,289,-20.6,True,
BBAI,2024-10-25,515.09,2025-02-13,Technology,2002008576.0,66.01,40.52,1.24,3.16,16.43,False,5.01,-5.49,False,3399293,4292138,2,1,False,5.29,0.55,0,,False,20.33,above_ma50,360,-0.9,False,
AR,2020-09-10,514.34,2021-09-03,Energy,11135505408.0,40.52,331.25,-20.92,-10.39,-28.5,False,-14.63,11.92,True,13611750,12429191,2,1,True,4.82,0.8,2,"above_ma200,vol_increasing",False,29.71,above_ma50,76,34.3,True,
PSKY,2020-03-12,514.07,2021-03-12,Communication Services,12411629568.0,62.77,3.56,-17.12,-42.92,-48.47,False,-40.69,-51.58,False,13879243,9148161,8,1,True,4.86,2.34,1,vol_increasing,False,75.47,below_ma50,0,2.2,True,
CRWD,2020-03-13,512.95,2021-02-16,Technology,134336749568.0,62.88,5.11,-36.59,-39.44,-23.52,False,-35.14,-41.06,False,4560057,4611089,0,0,False,1.73,1.09,0,,False,57.83,below_ma50,0,23.3,False,
BILI,2020-02-05,512.94,2021-02-04,Communication Services,9190717440.0,3.64,78.23,4.61,31.44,39.12,False,19.0,43.48,True,5277850,3363424,10,4,True,3.75,1.6,3,"above_ma200,near_52w_high,vol_increasing",False,15.15,above_ma50,385,7.6,True,
MSTR,2023-03-08,512.58,2024-03-08,Technology,65740513280.0,55.73,74.59,-13.83,-6.49,14.25,False,0.16,1.92,True,5227533,6380267,0,0,False,1.63,0.74,2,"green_day,above_ma200",True,19.11,above_ma50,0,11.9,False,
MP,2024-08-02,512.26,2025-08-05,Basic Materials,12003820544.0,48.12,4.88,-11.27,-7.24,-21.73,False,-12.65,-20.28,False,2771447,3153921,1,0,False,2.25,2.7,0,,False,23.39,below_ma50,276,118.6,False,
VKTX,2023-07-03,512.05,2024-02-28,Healthcare,3637589760.0,36.98,539.45,-23.1,-30.07,-0.67,False,-24.97,43.56,True,3484960,4415574,2,1,False,3.36,0.35,1,above_ma200,False,13.57,above_ma50,33,,False,
BTBT,2022-12-09,512.0,2023-07-03,Financial Services,587838976.0,90.76,3.42,-16.94,-29.44,-47.93,False,-26.93,-58.34,False,963617,1371317,2,0,False,2.29,0.3,0,,False,22.83,above_ma50,0,24.9,False,
AMC,2021-03-26,510.84,2021-06-02,Communication Services,1112625920.0,46.27,472.77,-1.97,95.01,377.73,False,33.21,111.9,True,13513949,12720379,5,1,False,3.5,0.67,1,above_ma200,False,18.86,above_ma50,273,21.2,False,
QXO,2022-12-29,510.53,2023-12-29,Industrials,13599647744.0,56.16,21.78,-14.91,-24.73,-13.02,False,-26.34,-13.86,False,766,5646,0,0,False,0.5,0.36,1,green_day,True,21.44,below_ma50,0,14725.0,False,
PLTR,2024-02-02,510.05,2025-02-04,Technology,330349608960.0,25.26,127.12,-2.68,-9.03,-11.92,True,-7.25,4.99,True,40995870,56345532,0,0,False,1.52,1.02,3,"green_day,above_ma200,base_present",True,13.85,above_ma50,94,84.7,True,
CELH,2019-08-21,508.63,2020-08-19,Consumer Defensive,8254627328.0,25.7,29.13,-11.33,-6.34,-4.77,False,-8.37,-0.85,False,335040,233103,6,1,True,3.15,1.21,2,"green_day,vol_increasing",True,15.8,below_ma50,217,137.7,True,
LAD,2020-03-19,508.19,2021-03-17,Consumer Cyclical,6704683008.0,61.54,13.71,-44.71,-55.21,-59.84,False,-49.82,-52.51,False,288580,221982,4,1,True,4.05,1.68,2,"green_day,vol_increasing",True,72.0,below_ma50,0,1.0,True,
RIOT,2019-11-29,507.91,2020-11-30,Financial Services,9105882112.0,78.01,5.47,-15.09,-21.51,-34.78,False,-18.11,-51.39,False,600730,709871,2,0,False,2.35,0.41,1,green_day,True,12.62,above_ma50,317,3.6,False,
RKLB,2023-12-18,507.57,2024-11-29,Industrials,61040865280.0,42.73,32.47,0.66,0.0,2.9,False,4.29,-6.91,False,4672097,4088836,2,2,True,6.09,1.58,1,vol_increasing,False,12.56,above_ma50,48,63.5,False,
APP,2024-05-15,506.86,2025-02-14,Communication Services,157404463104.0,5.72,296.67,19.64,14.52,45.54,False,16.94,70.7,True,4265040,4289566,1,1,False,3.53,1.24,2,"above_ma200,near_52w_high",False,12.45,above_ma50,197,59.0,True,
TSLA,2019-07-17,506.61,2020-07-15,Consumer Cyclical,1608764358656.0,34.86,42.6,12.39,30.36,-3.95,False,14.89,-10.79,False,148863200,159896583,0,0,False,1.9,0.92,0,,False,13.97,above_ma50,182,15.8,True,
CLSK,2023-09-28,506.22,2024-03-25,Financial Services,3631691264.0,51.31,112.64,-20.09,-40.51,-30.06,False,-27.84,-4.44,False,9980393,10336012,0,0,False,1.93,1.1,1,green_day,True,17.34,below_ma50,120,11.6,False,
BBAI,2022-11-09,504.95,2023-02-06,Technology,2002008576.0,93.3,2.86,-6.9,-9.24,-39.66,False,-20.47,-77.5,False,2312487,1073857,3,2,True,50.88,0.11,1,vol_increasing,False,26.09,below_ma50,0,-0.9,False,
CLOV,2024-03-15,504.01,2025-01-24,Healthcare,1640290432.0,55.52,2.4,-16.18,-27.5,-26.17,False,-21.91,-29.37,False,11694873,8911862,3,2,True,3.66,1.57,2,"green_day,vol_increasing",True,14.41,above_ma50,136,62.0,False,
SMMT,2023-06-02,503.31,2024-05-30,Healthcare,14033019904.0,70.42,159.09,5.56,7.55,12.5,False,3.41,-13.04,False,1703103,2173501,0,0,False,1.74,0.58,1,green_day,True,14.6,above_ma50,2,,False,
RIOT,2023-01-03,502.08,2023-07-13,Financial Services,9105882112.0,86.23,4.31,-10.79,-26.78,-52.65,False,-29.6,-57.13,False,9147347,10809667,0,0,False,1.67,0.67,0,,False,22.9,below_ma50,0,3.6,False,
OPEN,2024-10-31,501.14,2025-09-11,Real Estate,4833330688.0,62.37,16.46,1.1,-15.98,15.0,False,-7.93,-22.41,False,30355207,29075376,0,0,False,1.59,1.12,0,,False,23.16,above_ma50,366,-37.6,False,
SMMT,2022-11-22,501.11,2023-01-04,Healthcare,14033019904.0,83.71,0.91,-12.94,-18.53,-18.53,False,-21.57,-40.5,False,196753,1524869,0,0,False,0.3,0.11,0,,False,21.29,above_ma50,0,,False,
