symbol,score,vol_score,accum_score,fund_score,current_price,market_cap,sector,industry,max_vol_spike_30d,spike_days_2x,spike_days_3x,vol_trend_ratio,price_30d_return_pct,price_trend,dist_ma200_pct,position_in_52w_range_pct,summary
VVV,100,50,30,20,29.45,4542835200,Consumer Cyclical,Auto & Truck Dealerships,2.62,6,0,1.24,-6.0,dropping,-16.2,1.3,2X spike (6d) | vol trend up | separate spike events | price down + vol up | near 52w low (1% range)
HIW,100,50,30,20,25.49,2855091968,Real Estate,REIT - Office,3.62,3,2,1.14,-6.3,dropping,-9.0,33.2,2X spike (3d) | vol trend up | separate spike events | price down + vol up | near 52w low (33% range)
OLLI,100,50,30,20,109.49,4986964992,Consumer Defensive,Discount Stores,3.08,3,1,1.11,-10.9,dropping,-10.2,31.2,2X spike (3d) | vol trend up | separate spike events | price down + vol up | near 52w low (31% range)
DBX,100,50,30,20,27.66,6896653824,Technology,Software - Infrastructure,2.64,2,0,1.06,-6.9,dropping,-3.2,36.4,2X spike (2d) | vol trend up | separate spike events | price down + vol up | near 52w low (36% range)
AZO,95,50,30,15,3398.85,57924251648,Consumer Cyclical,Auto Parts,2.74,2,0,1.09,-11.8,dropping,-11.0,19.3,2X spike (2d) | vol trend up | separate spike events | price down + vol up | near 52w low (19% range)
LNG,95,50,30,15,192.93,50455973888,Energy,Oil & Gas Midstream,2.33,2,0,1.05,-10.1,dropping,-14.0,10.5,2X spike (2d) | vol trend up | separate spike events | price down + vol up | near 52w low (10% range)
DVA,95,50,30,15,113.82,12750350336,Healthcare,Medical Care Facilities,5.85,2,1,1.03,-2.9,flat,-15.4,1.9,2X spike (2d) | vol trend up | separate spike events | price down + vol up | near 52w low (2% range)
EQIX,95,50,30,15,765.54,105733079040,Real Estate,REIT - Specialty,2.66,2,0,1.08,-0.3,flat,-3.6,31.7,2X spike (2d) | vol trend up | separate spike events | price down + vol up | near 52w low (32% range)
IRM,95,50,30,15,82.69,38333079552,Real Estate,REIT - Specialty,3.45,4,2,1.22,-5.0,dropping,-10.1,34.1,2X spike (4d) | vol trend up | separate spike events | price down + vol up | near 52w low (34% range)
CLX,95,50,30,15,98.46,11144112128,Consumer Defensive,Household & Personal Products,2.44,2,0,1.12,-0.4,flat,-17.0,6.7,2X spike (2d) | vol trend up | separate spike events | price down + vol up | near 52w low (7% range)
BF-B,95,50,30,15,26.09,12696915968,Consumer Defensive,Beverages - Wineries & Distilleries,3.11,2,2,1.17,-4.5,flat,-10.9,8.9,2X spike (2d) | vol trend up | separate spike events | price down + vol up | near 52w low (9% range)
S,95,50,25,20,15.27,5645187072,Technology,Software - Infrastructure,5.02,5,1,1.3,-5.5,dropping,-13.4,7.8,2X spike (5d) | vol trend up | separate spike events | price down + vol up | near 52w low (8% range)
APT,95,50,30,15,4.35,65797044,Industrials,Building Products & Equipment,2.98,2,0,1.18,-4.2,flat,-6.7,13.6,2X spike (2d) | vol trend up | separate spike events | price down + vol up | near 52w low (14% range)
VEEV,95,50,30,15,224.64,27146471424,Healthcare,Health Information Services,3.47,3,1,1.3,-18.9,dropping,-14.8,21.2,2X spike (3d) | vol trend up | separate spike events | price down + vol up | near 52w low (21% range)
GWRE,95,50,30,15,202.52,11770904576,Technology,Software - Application,2.62,5,0,1.22,-6.6,dropping,-7.8,34.8,2X spike (5d) | vol trend up | separate spike events | price down + vol up | near 52w low (35% range)
NFLX,95,50,30,15,93.78,368402759680,Communication Services,Entertainment,3.42,3,1,1.0,-15.0,dropping,-17.3,22.4,2X spike (3d) | vol trend up | separate spike events | price down + vol up | near 52w low (22% range)
DOCS,95,50,25,20,44.58,4891287552,Healthcare,Health Information Services,3.68,5,1,1.26,-5.3,dropping,-24.8,3.2,2X spike (5d) | vol trend up | separate spike events | price down + vol up | near 52w low (3% range)
PG,95,50,30,15,141.97,340953464832,Consumer Defensive,Household & Personal Products,2.29,2,0,1.14,-1.2,flat,-7.0,15.4,2X spike (2d) | vol trend up | separate spike events | price down + vol up | near 52w low (15% range)
CORT,95,50,25,20,70.2,5612341248,Healthcare,Biotechnology,2.99,3,0,1.03,-6.5,dropping,-5.2,31.0,2X spike (3d) | vol trend up | separate spike events | price down + vol up | near 52w low (31% range)
TYL,95,50,30,15,458.13,13686712320,Technology,Software - Application,4.03,2,1,1.03,-1.1,flat,-14.7,5.8,2X spike (2d) | vol trend up | separate spike events | price down + vol up | near 52w low (6% range)
VICI,95,50,30,15,27.89,31054340096,Real Estate,REIT - Diversified,2.66,6,0,1.22,-4.4,flat,-7.5,29.0,2X spike (6d) | vol trend up | separate spike events | price down + vol up | near 52w low (29% range)
CHPT,90,50,25,15,6.73,152357312,Consumer Cyclical,Specialty Retail,5.83,2,1,1.22,-16.5,dropping,-41.7,0.4,2X spike (2d) | vol trend up | separate spike events | price down + vol up | near 52w low (0% range)
OGE,90,50,20,20,42.23,9771824128,Utilities,Utilities - Regulated Electric,4.96,2,1,1.15,-3.5,flat,-2.5,52.4,2X spike (2d) | vol trend up | separate spike events | price down + vol up | quiet/consolidating
IOT,90,50,25,15,35.98,17270501376,Technology,Software - Infrastructure,3.82,3,1,1.2,-1.3,flat,-8.0,15.0,2X spike (3d) | vol trend up | separate spike events | price down + vol up | near 52w low (15% range)
MOS,90,40,30,20,23.95,7053017600,Basic Materials,Agricultural Inputs,2.38,4,0,1.07,-0.6,flat,-20.9,14.9,2X spike (4d) | vol trend up | price down + vol up | near 52w low (15% range) | quiet/consolidating
WKHS,90,50,25,15,5.27,38235212,Consumer Cyclical,Auto Manufacturers,15.62,4,4,1.65,-20.3,dropping,-64.5,0.1,2X spike (4d) | vol trend up | separate spike events | price down + vol up | near 52w low (0% range)
PAYC,90,40,30,20,160.08,6381850624,Technology,Software - Application,3.07,1,1,1.02,-1.9,flat,-24.6,4.0,2X spike (1d) | vol trend up | price down + vol up | near 52w low (4% range) | quiet/consolidating
NTNX,90,50,25,15,51.96,12390048768,Technology,Software - Infrastructure,6.08,4,1,1.4,-19.6,dropping,-24.8,15.7,2X spike (4d) | vol trend up | separate spike events | price down + vol up | near 52w low (16% range)
CPNG,90,50,25,15,24.13,30480189440,Consumer Cyclical,Internet Retail,3.09,4,1,1.31,-13.2,dropping,-13.4,33.9,2X spike (4d) | vol trend up | separate spike events | price down + vol up | near 52w low (34% range)
POOL,90,40,30,20,229.7,6842903040,Industrials,Industrial Distribution,5.62,1,1,1.0,-2.8,flat,-20.8,2.6,2X spike (1d) | vol trend up | price down + vol up | near 52w low (3% range) | quiet/consolidating
ORCL,90,50,25,15,196.01,563561234432,Technology,Software - Infrastructure,3.71,3,1,1.17,-10.3,dropping,-8.1,34.9,2X spike (3d) | vol trend up | separate spike events | price down + vol up | near 52w low (35% range)
CXT,90,40,30,20,47.63,2607244800,Industrials,Specialty Industrial Machinery,3.49,4,1,1.19,-15.3,dropping,-14.9,24.0,2X spike (4d) | vol trend up | price down + vol up | near 52w low (24% range) | quiet/consolidating
CHWY,90,40,30,20,32.85,9571069952,Consumer Cyclical,Internet Retail,2.95,1,0,1.06,-5.2,dropping,-12.3,16.1,2X spike (1d) | vol trend up | price down + vol up | near 52w low (16% range) | quiet/consolidating
POST,90,40,30,20,99.35,4625169920,Consumer Defensive,Packaged Foods,2.86,3,0,1.23,-6.2,dropping,-7.9,17.3,2X spike (3d) | vol trend up | price down + vol up | near 52w low (17% range) | quiet/consolidating
MASI,90,40,30,20,131.07,9337931776,Healthcare,Medical Devices,2.08,1,0,1.02,-10.9,dropping,-14.0,1.9,2X spike (1d) | vol trend up | price down + vol up | near 52w low (2% range) | quiet/consolidating
ZS,90,50,25,15,227.42,24461090816,Technology,Software - Infrastructure,5.78,3,1,1.25,-22.9,dropping,-15.5,36.4,2X spike (3d) | vol trend up | separate spike events | price down + vol up | near 52w low (36% range)
PSKY,90,50,25,15,13.44,12411629568,Communication Services,Entertainment,4.25,4,1,1.26,-13.8,dropping,-2.0,33.3,2X spike (4d) | vol trend up | separate spike events | price down + vol up | near 52w low (33% range)
ACI,90,40,30,20,16.93,7922448384,Consumer Defensive,Grocery Stores,4.69,1,1,1.0,-4.8,flat,-12.0,11.4,2X spike (1d) | vol trend up | price down + vol up | near 52w low (11% range) | quiet/consolidating
XP,85,50,15,20,16.54,9904706560,Financial Services,Capital Markets,2.65,2,0,1.05,-7.7,dropping,-4.4,59.9,2X spike (2d) | vol trend up | separate spike events | price down + vol up | rev +13%
KO,85,50,20,15,69.59,337400659968,Consumer Defensive,Beverages - Non-Alcoholic,2.41,2,0,1.02,-0.2,flat,1.6,79.8,2X spike (2d) | vol trend up | separate spike events | price down + vol up | quiet/consolidating
EHC,85,50,20,15,107.27,10525022208,Healthcare,Medical Care Facilities,2.46,2,0,1.04,-3.9,flat,-6.7,49.9,2X spike (2d) | vol trend up | separate spike events | price down + vol up | quiet/consolidating
WDAY,85,40,30,15,216.93,31917303808,Technology,Software - Application,4.01,1,1,1.22,-3.6,flat,-7.6,14.8,2X spike (1d) | vol trend up | price down + vol up | near 52w low (15% range) | quiet/consolidating
A,85,50,20,15,137.06,32674480128,Healthcare,Diagnostics & Research,2.63,2,0,1.17,-4.8,flat,10.4,64.7,2X spike (2d) | vol trend up | separate spike events | price down + vol up | quiet/consolidating
TMUS,85,40,30,15,202.82,209547296768,Communication Services,Telecom Services,3.57,1,1,1.01,-5.1,dropping,-12.4,12.4,2X spike (1d) | vol trend up | price down + vol up | near 52w low (12% range) | quiet/consolidating
WELL,85,50,20,15,187.34,151510417408,Real Estate,REIT - Healthcare Facilities,4.87,2,1,1.11,-4.7,flat,13.9,76.1,2X spike (2d) | vol trend up | separate spike events | price down + vol up | quiet/consolidating
KR,85,40,30,15,62.37,41540218880,Consumer Defensive,Grocery Stores,3.31,1,1,1.05,-5.2,dropping,-7.0,33.3,2X spike (1d) | vol trend up | price down + vol up | near 52w low (33% range) | quiet/consolidating
KMB,85,40,30,15,100.33,32633055232,Consumer Defensive,Household & Personal Products,2.08,1,0,1.01,-0.8,flat,-17.4,7.4,2X spike (1d) | vol trend up | price down + vol up | near 52w low (7% range) | quiet/consolidating
PFGC,85,50,20,15,90.22,14628207616,Consumer Defensive,Food Distribution,2.52,3,0,1.17,-4.1,flat,-2.5,53.7,2X spike (3d) | vol trend up | separate spike events | price down + vol up | quiet/consolidating
ACHC,85,40,25,20,14.61,2315729664,Healthcare,Medical Care Facilities,5.3,1,1,1.16,-6.6,dropping,-33.9,5.7,2X spike (1d) | vol trend up | price down + vol up | near 52w low (6% range) | rev +8%
ETR,85,50,20,15,92.26,51095592960,Utilities,Utilities - Regulated Electric,2.27,2,0,1.01,-2.3,flat,6.8,82.0,2X spike (2d) | vol trend up | separate spike events | price down + vol up | quiet/consolidating
FDS,85,50,15,20,289.9,8146364416,Financial Services,Financial Data & Stock Exchanges,4.92,3,1,1.02,6.9,rising,-20.9,17.6,2X spike (3d) | vol trend up | separate spike events | near 52w low (18% range) | quiet/consolidating
PVH,85,40,25,20,68.04,4099215616,Consumer Cyclical,Apparel Manufacturing,3.42,2,1,1.2,-10.5,dropping,-10.3,17.6,2X spike (2d) | vol trend up | price down + vol up | near 52w low (18% range) | rev +6%
SO,85,50,20,15,86.89,103486242816,Utilities,Utilities - Regulated Electric,2.07,2,0,1.01,-3.3,flat,-3.0,43.8,2X spike (2d) | vol trend up | separate spike events | price down + vol up | quiet/consolidating
BJ,85,40,30,15,90.09,11871565824,Consumer Defensive,Discount Stores,2.22,2,0,1.1,-2.8,flat,-12.6,9.9,2X spike (2d) | vol trend up | price down + vol up | near 52w low (10% range) | quiet/consolidating
CHH,85,50,15,20,95.73,4848909824,Consumer Cyclical,Lodging,2.23,3,0,1.12,4.6,flat,-16.4,16.9,2X spike (3d) | vol trend up | separate spike events | near 52w low (17% range) | quiet/consolidating
DLR,85,50,20,15,155.33,69862203392,Real Estate,REIT - Specialty,2.97,2,0,1.11,-0.0,flat,-4.1,53.2,2X spike (2d) | vol trend up | separate spike events | price down + vol up | quiet/consolidating
CDW,85,40,30,15,137.7,13387283456,Technology,Information Technology Services,8.67,1,1,1.05,-0.9,flat,-14.4,4.0,2X spike (1d) | vol trend up | price down + vol up | near 52w low (4% range) | quiet/consolidating
TEL,85,50,20,15,229.68,60188913664,Technology,Electronic Components,2.56,4,0,1.04,-1.6,flat,20.2,85.0,2X spike (4d) | vol trend up | separate spike events | price down + vol up | quiet/consolidating
APD,85,40,30,15,245.48,65782104064,Basic Materials,Specialty Chemicals,3.12,6,1,1.14,-1.7,flat,-8.3,18.7,2X spike (6d) | vol trend up | price down + vol up | near 52w low (19% range) | quiet/consolidating
DOCU,85,50,15,20,69.08,9306558464,Technology,Software - Application,2.92,3,0,1.09,6.8,rising,-9.4,15.8,2X spike (3d) | vol trend up | separate spike events | near 52w low (16% range) | quiet/consolidating
J,85,50,20,15,133.59,13984318464,Industrials,Engineering & Construction,3.71,4,1,1.06,-10.8,dropping,-2.0,46.4,2X spike (4d) | vol trend up | separate spike events | price down + vol up | quiet/consolidating
GIS,85,40,30,15,45.26,18508064768,Consumer Defensive,Packaged Foods,2.54,2,0,1.08,-0.6,flat,-7.8,7.6,2X spike (2d) | vol trend up | price down + vol up | near 52w low (8% range) | quiet/consolidating
COR,85,50,20,15,339.46,50795999232,Healthcare,Medical Distribution,2.32,2,0,1.06,-6.8,dropping,11.5,75.9,2X spike (2d) | vol trend up | separate spike events | price down + vol up | quiet/consolidating
PSA,85,40,30,15,258.5,54601748480,Real Estate,REIT - Industrial,3.84,1,1,1.11,-2.3,flat,-7.5,20.5,2X spike (1d) | vol trend up | price down + vol up | near 52w low (20% range) | quiet/consolidating
DINO,85,50,20,15,45.8,13057350656,Energy,Oil & Gas Refining & Marketing,2.22,2,0,1.16,-15.1,dropping,6.8,69.5,2X spike (2d) | vol trend up | separate spike events | price down + vol up | quiet/consolidating
TSCO,85,40,30,15,50.14,16074380288,Consumer Cyclical,Specialty Retail,3.25,1,1,1.0,-5.8,dropping,-7.1,23.8,2X spike (1d) | vol trend up | price down + vol up | near 52w low (24% range) | quiet/consolidating
DLB,85,50,15,20,65.05,5500880384,Industrials,Specialty Business Services,3.28,2,1,1.13,1.9,flat,-8.9,7.1,2X spike (2d) | vol trend up | separate spike events | near 52w low (7% range) | quiet/consolidating
MDLZ,85,40,30,15,53.84,79008645120,Consumer Defensive,Confectioners,3.27,2,1,1.11,-1.4,flat,-12.4,11.4,2X spike (2d) | vol trend up | price down + vol up | near 52w low (11% range) | quiet/consolidating
AWK,85,50,20,15,130.25,24419829760,Utilities,Utilities - Regulated Water,3.38,3,1,1.1,-1.2,flat,-5.2,41.4,2X spike (3d) | vol trend up | separate spike events | price down + vol up | quiet/consolidating
UWMC,85,40,25,20,4.3,5505906688,Financial Services,Mortgage Finance,4.32,3,2,1.03,-7.9,dropping,-9.3,23.7,2X spike (3d) | vol trend up | price down + vol up | near 52w low (24% range) | rev +24%
WRB,85,50,20,15,70.71,24451135488,Financial Services,Insurance - Property & Casualty,5.75,3,1,1.04,-6.7,dropping,0.4,70.2,2X spike (3d) | vol trend up | separate spike events | price down + vol up | quiet/consolidating
ITT,85,50,20,15,176.32,18520479744,Industrials,Specialty Industrial Machinery,8.77,8,2,1.4,-2.8,flat,9.6,78.2,2X spike (8d) | vol trend up | separate spike events | price down + vol up | quiet/consolidating
LW,85,40,25,20,41.24,5800438272,Consumer Defensive,Packaged Foods,11.24,3,2,1.17,-25.4,dropping,-23.9,2.1,2X spike (3d) | vol trend up | price down + vol up | near 52w low (2% range) | rev +3%
TTD,85,40,30,15,38.12,10850100224,Communication Services,Advertising Agencies,4.53,1,1,1.06,-5.2,dropping,-33.4,2.7,2X spike (1d) | vol trend up | price down + vol up | near 52w low (3% range) | quiet/consolidating
FTNT,85,40,30,15,80.31,83510878208,Technology,Software - Infrastructure,3.59,1,1,1.04,-2.0,flat,-12.1,22.8,2X spike (1d) | vol trend up | price down + vol up | near 52w low (23% range) | quiet/consolidating
HOG,85,50,30,5,20.6,2675920384,Consumer Cyclical,Recreational Vehicles,2.62,4,0,1.23,-12.1,dropping,-16.0,7.3,2X spike (4d) | vol trend up | separate spike events | price down + vol up | near 52w low (7% range)
CF,85,40,30,15,76.52,17670438912,Basic Materials,Agricultural Inputs,2.31,1,0,1.04,-4.7,flat,-8.7,29.1,2X spike (1d) | vol trend up | price down + vol up | near 52w low (29% range) | quiet/consolidating
ESTC,85,40,25,20,76.63,5407927808,Technology,Software - Application,4.63,1,1,1.1,-12.4,dropping,-8.9,16.8,2X spike (1d) | vol trend up | price down + vol up | near 52w low (17% range) | rev +18%
ED,85,50,20,15,99.11,39178391552,Utilities,Utilities - Regulated Electric,3.61,3,1,1.13,-3.0,flat,-0.9,56.1,2X spike (3d) | vol trend up | separate spike events | price down + vol up | quiet/consolidating
PANW,85,50,20,15,186.85,168590688256,Technology,Software - Infrastructure,3.41,3,1,1.14,-7.9,dropping,-2.9,53.7,2X spike (3d) | vol trend up | separate spike events | price down + vol up | quiet/consolidating
OTIS,85,40,30,15,87.61,28709636096,Industrials,Specialty Industrial Machinery,2.7,1,0,1.09,-0.1,flat,-4.4,20.8,2X spike (1d) | vol trend up | price down + vol up | near 52w low (21% range) | quiet/consolidating
UBER,85,50,20,15,82.12,153585942528,Technology,Software - Application,2.86,2,0,1.11,-10.8,dropping,-6.6,52.7,2X spike (2d) | vol trend up | separate spike events | price down + vol up | quiet/consolidating
AFL,85,50,20,15,110.21,57566191616,Financial Services,Insurance - Life,2.94,2,0,1.14,-0.8,flat,4.5,77.3,2X spike (2d) | vol trend up | separate spike events | price down + vol up | quiet/consolidating
SPOT,85,40,30,15,576.68,85914230784,Communication Services,Internet Content & Information,2.53,1,0,1.04,-10.0,dropping,-11.6,39.1,2X spike (1d) | vol trend up | price down + vol up | near 52w low (39% range) | quiet/consolidating
PEP,85,50,20,15,142.88,211356401664,Consumer Defensive,Beverages - Non-Alcoholic,2.44,2,0,1.04,-1.5,flat,3.4,64.5,2X spike (2d) | vol trend up | separate spike events | price down + vol up | quiet/consolidating
ABT,85,50,20,15,124.37,146869682176,Healthcare,Medical Devices,2.46,2,0,1.04,-3.3,flat,-2.8,54.8,2X spike (2d) | vol trend up | separate spike events | price down + vol up | quiet/consolidating
COST,85,40,30,15,863.22,447552225280,Consumer Defensive,Discount Stores,3.95,1,1,1.09,-5.1,dropping,-8.8,9.4,2X spike (1d) | vol trend up | price down + vol up | near 52w low (9% range) | quiet/consolidating
PPL,85,50,20,15,35.07,27010248704,Utilities,Utilities - Regulated Electric,3.86,3,1,1.18,-3.2,flat,0.8,65.9,2X spike (3d) | vol trend up | separate spike events | price down + vol up | quiet/consolidating
CNXC,85,50,15,20,40.79,1480587136,Technology,Information Technology Services,2.08,2,0,1.15,24.6,rising,-13.9,30.5,2X spike (2d) | vol trend up | separate spike events | near 52w low (31% range) | quiet/consolidating
SJM,85,40,30,15,97.44,10584845312,Consumer Defensive,Packaged Foods,2.19,1,0,1.05,-7.6,dropping,-7.1,26.3,2X spike (1d) | vol trend up | price down + vol up | near 52w low (26% range) | quiet/consolidating
GTLB,85,40,25,20,38.16,4386770944,Technology,Software - Infrastructure,4.62,2,1,1.08,-10.5,dropping,-15.7,6.1,2X spike (2d) | vol trend up | price down + vol up | near 52w low (6% range) | rev +23%
UHAL,80,50,15,15,50.87,10034631680,Industrials,Rental & Leasing Services,2.86,2,0,1.17,3.4,flat,-13.1,8.9,2X spike (2d) | vol trend up | separate spike events | near 52w low (9% range) | quiet/consolidating
INSM,80,50,15,15,174.09,21967859712,Healthcare,Biotechnology,7.19,3,3,1.27,-11.8,dropping,39.6,74.6,2X spike (3d) | vol trend up | separate spike events | price down + vol up | rev +230%
LULU,80,50,15,15,210.67,15388871680,Consumer Cyclical,Apparel Retail,3.94,3,2,1.14,28.3,rising,-6.0,19.5,2X spike (3d) | vol trend up | separate spike events | near 52w low (19% range) | quiet/consolidating
COLD,80,50,10,20,12.87,4233941760,Real Estate,REIT - Industrial,2.15,2,0,1.03,22.8,rising,-11.7,26.2,2X spike (2d) | vol trend up | separate spike events | near 52w low (26% range) | rev +0%
IPGP,80,40,20,20,72.83,4434933248,Technology,Semiconductor Equipment & Materials,3.12,1,1,1.08,-4.8,flat,-1.2,55.6,2X spike (1d) | vol trend up | price down + vol up | quiet/consolidating | rev +17%
NKE,80,40,25,15,60.79,65366351872,Consumer Cyclical,Footwear & Accessories,6.61,4,1,1.16,-2.1,flat,-7.4,33.7,2X spike (4d) | vol trend up | price down + vol up | near 52w low (34% range) | rev +0%
INSP,80,50,10,20,92.57,1275270016,Healthcare,Medical Devices,4.74,6,3,1.25,9.1,rising,-20.5,15.0,2X spike (6d) | vol trend up | separate spike events | near 52w low (15% range) | rev +2%
TPL,80,40,25,15,292.35,27189721088,Energy,Oil & Gas E&P,3.0,1,1,1.1,-8.1,dropping,-15.7,10.9,2X spike (1d) | vol trend up | price down + vol up | near 52w low (11% range) | rev +21%
EFX,80,50,15,15,220.18,21211181056,Industrials,Consulting Services,2.78,2,0,1.04,8.0,rising,-8.3,27.4,2X spike (2d) | vol trend up | separate spike events | near 52w low (27% range) | quiet/consolidating
MSI,80,50,15,15,382.93,63740641280,Technology,Communication Equipment,3.66,2,1,1.22,2.0,flat,-9.0,18.9,2X spike (2d) | vol trend up | separate spike events | near 52w low (19% range) | quiet/consolidating
MSTR,80,40,25,15,155.61,65740513280,Technology,Software - Application,2.89,2,0,1.26,-20.4,dropping,-51.6,0.5,2X spike (2d) | vol trend up | price down + vol up | near 52w low (0% range) | rev +12%
NOW,80,40,25,15,154.23,94034665472,Technology,Software - Application,3.77,3,2,1.13,-7.7,dropping,-15.0,17.8,2X spike (3d) | vol trend up | price down + vol up | near 52w low (18% range) | rev +22%
HHH,80,40,20,20,80.16,3921508864,Real Estate,Real Estate - Development,3.53,2,1,1.07,-3.5,flat,6.7,63.2,2X spike (2d) | vol trend up | price down + vol up | quiet/consolidating | rev +18%
OKE,80,50,15,15,71.96,53653598208,Energy,Oil & Gas Midstream,2.16,2,0,1.01,7.2,rising,-3.5,23.6,2X spike (2d) | vol trend up | separate spike events | near 52w low (24% range) | quiet/consolidating
RVTY,80,50,15,15,97.29,11292136448,Healthcare,Diagnostics & Research,9.05,2,1,1.08,7.0,rising,3.2,34.5,2X spike (2d) | vol trend up | separate spike events | near 52w low (35% range) | quiet/consolidating
NNN,80,40,20,20,38.72,8439409152,Real Estate,REIT - Retail,2.43,1,0,1.06,-2.9,flat,-2.5,63.9,2X spike (1d) | vol trend up | price down + vol up | quiet/consolidating | rev +4%
SLM,80,50,10,20,27.02,4237684480,Financial Services,Credit Services,6.56,3,1,1.02,1.6,flat,-7.8,33.0,2X spike (3d) | vol trend up | separate spike events | near 52w low (33% range) | rev +2%
BBWI,80,50,25,5,20.02,3973276928,Consumer Cyclical,Specialty Retail,5.3,5,2,1.25,-4.7,flat,-24.5,22.3,2X spike (5d) | vol trend up | separate spike events | price down + vol up | near 52w low (22% range)
ADBE,80,50,15,15,352.51,102278766592,Technology,Software - Application,2.38,2,0,1.08,8.4,rising,-2.9,26.6,2X spike (2d) | vol trend up | separate spike events | near 52w low (27% range) | quiet/consolidating
AVB,80,50,15,15,181.23,25607749632,Real Estate,REIT - Residential,2.2,2,0,1.07,4.2,flat,-3.9,31.7,2X spike (2d) | vol trend up | separate spike events | near 52w low (32% range) | quiet/consolidating
OKTA,80,50,15,15,87.43,14711567360,Technology,Software - Infrastructure,3.16,3,2,1.2,7.8,rising,-9.6,23.6,2X spike (3d) | vol trend up | separate spike events | near 52w low (24% range) | quiet/consolidating
CPRT,80,50,30,0,39.5,32694685696,Industrials,Specialty Business Services,2.92,3,0,1.1,-4.4,flat,-18.6,5.1,2X spike (3d) | vol trend up | separate spike events | price down + vol up | near 52w low (5% range)
MTN,80,50,25,5,130.97,4469097472,Consumer Cyclical,Resorts & Casinos,3.18,2,1,1.23,-3.2,flat,-8.9,16.1,2X spike (2d) | vol trend up | separate spike events | price down + vol up | near 52w low (16% range)
BNTX,80,50,30,0,95.28,23802730496,Healthcare,Biotechnology,3.27,4,2,1.3,-7.2,dropping,-7.1,29.3,2X spike (4d) | vol trend up | separate spike events | price down + vol up | near 52w low (29% range)
HD,80,50,30,0,344.05,316188983296,Consumer Cyclical,Home Improvement Retail,3.27,2,1,1.25,-2.6,flat,-6.2,25.1,2X spike (2d) | vol trend up | separate spike events | price down + vol up | near 52w low (25% range)
RDW,80,50,10,20,7.94,2202030080,Industrials,Aerospace & Defense,4.35,4,2,1.16,45.2,rising,-25.6,14.1,2X spike (4d) | vol trend up | separate spike events | near 52w low (14% range) | rev +58%
FFIV,80,50,15,15,259.37,19974107136,Technology,Software - Infrastructure,3.34,4,3,1.09,13.4,rising,-9.1,29.1,2X spike (4d) | vol trend up | separate spike events | near 52w low (29% range) | quiet/consolidating
ARE,80,50,25,5,47.99,8061705728,Real Estate,REIT - Office,3.1,5,2,1.02,-2.7,flat,-30.5,9.6,2X spike (5d) | vol trend up | separate spike events | price down + vol up | near 52w low (10% range)
LINE,80,50,15,15,34.41,10019884032,Real Estate,REIT - Industrial,3.99,5,4,1.3,5.5,rising,-16.5,11.1,2X spike (5d) | vol trend up | separate spike events | near 52w low (11% range) | quiet/consolidating
DKS,75,40,20,15,197.69,20198457344,Consumer Cyclical,Specialty Retail,4.42,1,1,1.3,-4.2,flat,-2.8,41.6,2X spike (1d) | vol trend up | price down + vol up | quiet/consolidating | rev +60%
ALNY,75,40,20,15,397.25,39392882688,Healthcare,Biotechnology,10.31,1,1,1.15,-13.7,dropping,7.2,66.1,2X spike (1d) | vol trend up | price down + vol up | quiet/consolidating | rev +96%
GD,75,40,20,15,336.53,93712171008,Industrials,Aerospace & Defense,2.45,1,0,1.02,-0.7,flat,10.7,83.2,2X spike (1d) | vol trend up | price down + vol up | quiet/consolidating | rev +10%
VLO,75,40,20,15,163.86,71578615808,Energy,Oil & Gas Refining & Marketing,2.41,1,0,1.15,-7.0,dropping,13.3,77.7,2X spike (1d) | vol trend up | price down + vol up | quiet/consolidating | rev +7%
AGCO,75,50,5,20,104.51,8496416256,Industrials,Farm & Heavy Construction Machinery,2.08,2,0,1.01,2.0,flat,1.5,66.6,2X spike (2d) | vol trend up | separate spike events | quiet/consolidating | rev +14%
NEU,75,50,20,5,694.37,6299814912,Basic Materials,Specialty Chemicals,2.81,2,0,1.16,-5.9,dropping,-1.0,56.4,2X spike (2d) | vol trend up | separate spike events | price down + vol up | quiet/consolidating
RPRX,75,40,20,15,38.79,29246517248,Healthcare,Biotechnology,2.45,1,0,1.11,-0.4,flat,10.3,87.7,2X spike (1d) | vol trend up | price down + vol up | quiet/consolidating | rev +11%
TDG,75,40,20,15,1316.45,67963777024,Industrials,Aerospace & Defense,2.28,2,0,1.01,-1.4,flat,-0.8,50.7,2X spike (2d) | vol trend up | price down + vol up | quiet/consolidating | rev +18%
RLI,75,40,15,20,64.4,4509575168,Financial Services,Insurance - Property & Casualty,3.77,1,1,1.13,5.8,rising,-3.2,35.5,2X spike (1d) | vol trend up | near 52w low (36% range) | quiet/consolidating | rev +4%
UHS,75,40,20,15,224.84,10288758784,Healthcare,Medical Care Facilities,2.08,1,0,1.08,-0.6,flat,16.7,77.6,2X spike (1d) | vol trend up | price down + vol up | quiet/consolidating | rev +10%
WPC,75,40,20,15,63.48,16504967168,Real Estate,REIT - Diversified,2.84,1,0,1.05,-2.6,flat,2.8,76.4,2X spike (1d) | vol trend up | price down + vol up | quiet/consolidating | rev +9%
CRS,75,40,20,15,318.27,21257990144,Industrials,Metal Fabrication,2.2,1,0,1.01,-4.1,flat,25.4,88.5,2X spike (1d) | vol trend up | price down + vol up | quiet/consolidating | rev +12%
ACM,75,50,25,0,96.27,10419369984,Industrials,Engineering & Construction,2.94,6,0,1.39,-26.5,dropping,-14.2,24.1,2X spike (6d) | vol trend up | separate spike events | price down + vol up | near 52w low (24% range)
TFSL,75,50,5,20,13.12,4234525184,Financial Services,Banks - Regional,3.13,3,1,1.24,2.8,flat,5.1,70.4,2X spike (3d) | vol trend up | separate spike events | quiet/consolidating | rev +10%
XEL,75,40,20,15,73.65,49560760320,Utilities,Utilities - Regulated Electric,2.67,2,0,1.09,-8.1,dropping,2.7,62.4,2X spike (2d) | vol trend up | price down + vol up | quiet/consolidating | rev +3%
FE,75,40,20,15,44.08,25641854976,Utilities,Utilities - Regulated Electric,2.69,1,0,1.0,-3.4,flat,5.9,75.4,2X spike (1d) | vol trend up | price down + vol up | quiet/consolidating | rev +12%
COKE,75,40,20,15,154.2,11602822144,Consumer Defensive,Beverages - Non-Alcoholic,3.75,1,1,1.04,-3.1,flat,21.2,77.1,2X spike (1d) | vol trend up | price down + vol up | quiet/consolidating | rev +8%
BAX,75,40,15,20,19.29,9291277312,Healthcare,Medical Instruments & Supplies,2.16,1,0,1.01,8.7,rising,-24.3,9.6,2X spike (1d) | vol trend up | near 52w low (10% range) | quiet/consolidating | rev +3%
BMRN,75,50,10,15,58.99,10448956416,Healthcare,Biotechnology,6.99,2,2,1.11,8.3,rising,2.4,36.2,2X spike (2d) | vol trend up | separate spike events | near 52w low (36% range) | rev +3%
CPB,75,40,30,5,27.16,6213372928,Consumer Defensive,Packaged Foods,2.93,2,0,1.11,-8.7,dropping,-13.4,2.9,2X spike (2d) | vol trend up | price down + vol up | near 52w low (3% range) | quiet/consolidating
HXL,75,50,5,20,74.65,7189719040,Industrials,Aerospace & Defense,2.78,3,0,1.03,7.2,rising,22.4,87.6,2X spike (3d) | vol trend up | separate spike events | quiet/consolidating | rev +10%
ETN,75,40,20,15,318.98,155906342912,Industrials,Specialty Industrial Machinery,3.04,2,1,1.11,-6.4,dropping,-5.1,54.4,2X spike (2d) | vol trend up | price down + vol up | quiet/consolidating | rev +17%
EXE,75,40,20,15,111.41,22951616512,Energy,Oil & Gas E&P,2.41,1,0,1.01,-4.2,flat,5.4,59.9,2X spike (1d) | vol trend up | price down + vol up | quiet/consolidating | rev +41%
PSX,75,40,20,15,128.5,68784406528,Energy,Oil & Gas Refining & Marketing,2.06,2,0,1.03,-5.2,dropping,5.0,72.7,2X spike (2d) | vol trend up | price down + vol up | quiet/consolidating | rev +7%
VTR,75,40,20,15,77.87,42423173120,Real Estate,REIT - Healthcare Facilities,3.88,1,1,1.07,-0.2,flat,14.7,88.5,2X spike (1d) | vol trend up | price down + vol up | quiet/consolidating | rev +22%
DTE,75,40,20,15,128.77,29248782336,Utilities,Utilities - Regulated Electric,2.47,3,0,1.07,-4.8,flat,-2.9,57.6,2X spike (3d) | vol trend up | price down + vol up | quiet/consolidating | rev +16%
SPCE,75,50,25,0,3.3,277583648,Industrials,Aerospace & Defense,3.65,3,1,1.01,-7.8,dropping,-3.4,24.4,2X spike (3d) | vol trend up | separate spike events | price down + vol up | near 52w low (24% range)
AEE,75,40,20,15,100.06,30174566400,Utilities,Utilities - Regulated Electric,2.68,2,0,1.05,-3.7,flat,2.3,75.8,2X spike (2d) | vol trend up | price down + vol up | quiet/consolidating | rev +8%
CUBE,75,40,15,20,35.26,9209032704,Real Estate,REIT - Industrial,2.65,1,0,1.06,0.8,flat,-8.3,30.2,2X spike (1d) | vol trend up | near 52w low (30% range) | quiet/consolidating | rev +3%
PAYO,75,40,15,20,5.71,1727457792,Technology,Software - Infrastructure,2.82,1,0,1.02,5.7,rising,-11.9,12.7,2X spike (1d) | vol trend up | near 52w low (13% range) | quiet/consolidating | rev +6%
GTM,75,50,5,20,10.03,1947779968,Technology,Software - Application,3.19,2,1,1.09,4.3,flat,-1.0,53.7,2X spike (2d) | vol trend up | separate spike events | quiet/consolidating | rev +3%
SEB,75,50,5,20,4466.95,4348523520,Industrials,Conglomerates,3.02,13,1,1.49,10.7,rising,34.5,86.4,2X spike (13d) | vol trend up | separate spike events | quiet/consolidating | rev +4%
AMGN,75,40,20,15,326.43,179118014464,Healthcare,Drug Manufacturers - General,5.12,1,1,1.1,-3.1,flat,11.8,81.8,2X spike (1d) | vol trend up | price down + vol up | quiet/consolidating | rev +6%
CVX,75,40,20,15,150.83,361713958912,Energy,Oil & Gas Integrated,2.79,1,0,1.1,-0.5,flat,3.2,69.3,2X spike (1d) | vol trend up | price down + vol up | quiet/consolidating | rev +2%
LKQ,75,40,15,20,30.51,7360906752,Consumer Cyclical,Auto Parts,15.79,1,1,1.27,4.1,flat,-9.6,17.6,2X spike (1d) | vol trend up | near 52w low (18% range) | quiet/consolidating | rev +4%
NCNO,75,50,5,20,26.04,2035658240,Technology,Software - Application,2.67,3,0,1.12,4.9,flat,-2.4,43.5,2X spike (3d) | vol trend up | separate spike events | quiet/consolidating | rev +6%
MPC,75,40,20,15,163.0,71486521344,Energy,Oil & Gas Refining & Marketing,3.3,1,1,1.08,-16.0,dropping,-2.8,57.4,2X spike (1d) | vol trend up | price down + vol up | quiet/consolidating | rev +9%
DOX,75,40,15,20,80.03,6857651200,Technology,Software - Infrastructure,3.8,1,1,1.05,8.3,rising,-4.5,34.9,2X spike (1d) | vol trend up | near 52w low (35% range) | quiet/consolidating | rev +4%
TAP,75,40,15,20,46.32,7954053120,Consumer Defensive,Beverages - Brewers,6.41,1,1,1.14,3.7,flat,-5.9,21.2,2X spike (1d) | vol trend up | near 52w low (21% range) | quiet/consolidating | rev +2%
LDOS,75,40,20,15,182.9,16365946880,Technology,Information Technology Services,3.04,1,1,1.02,-2.7,flat,9.1,73.5,2X spike (1d) | vol trend up | price down + vol up | quiet/consolidating | rev +4%
RYN,75,40,15,20,21.46,6194574848,Real Estate,REIT - Specialty,2.39,1,0,1.02,2.5,flat,-3.9,28.5,2X spike (1d) | vol trend up | near 52w low (29% range) | quiet/consolidating | rev +234%
MSFT,75,40,20,15,486.37,3083691884544,Technology,Software - Infrastructure,3.21,1,1,1.05,-3.8,flat,2.5,68.6,2X spike (1d) | vol trend up | price down + vol up | quiet/consolidating | rev +18%
XYL,75,40,20,15,137.13,27032881152,Industrials,Specialty Industrial Machinery,2.58,1,0,1.06,-2.1,flat,3.2,70.1,2X spike (1d) | vol trend up | price down + vol up | quiet/consolidating | rev +3%
AMG,75,50,5,20,290.34,7997578752,Financial Services,Asset Management,3.83,5,2,1.2,15.6,rising,35.1,94.2,2X spike (5d) | vol trend up | separate spike events | quiet/consolidating | rev +10%
MRP,75,50,5,20,28.49,4471670784,Real Estate,REIT - Residential,6.03,9,6,1.41,1.8,flat,3.1,70.1,2X spike (9d) | vol trend up | separate spike events | quiet/consolidating | rev +136%
PEG,75,40,20,15,80.26,38435528704,Utilities,Utilities - Regulated Electric,2.31,1,0,1.01,-1.1,flat,0.0,47.3,2X spike (1d) | vol trend up | price down + vol up | quiet/consolidating | rev +19%
HRB,75,40,15,20,42.97,4685057024,Consumer Cyclical,Personal Services,3.1,1,1,1.13,0.5,flat,-15.7,11.7,2X spike (1d) | vol trend up | near 52w low (12% range) | quiet/consolidating | rev +5%
ATO,75,40,20,15,167.65,30190788608,Utilities,Utilities - Regulated Gas,4.93,1,1,1.13,-3.5,flat,4.6,76.2,2X spike (1d) | vol trend up | price down + vol up | quiet/consolidating | rev +1%
SHC,75,50,5,20,17.75,4499935232,Healthcare,Diagnostics & Research,2.72,3,0,1.01,16.3,rising,26.9,99.1,2X spike (3d) | vol trend up | separate spike events | quiet/consolidating | rev +10%
MCK,75,40,20,15,826.64,88330805248,Healthcare,Medical Distribution,2.02,1,0,1.06,-3.2,flat,12.3,79.7,2X spike (1d) | vol trend up | price down + vol up | quiet/consolidating | rev +6%
INO,75,50,25,0,1.76,119124256,Healthcare,Biotechnology,4.11,2,2,1.1,-11.1,dropping,-12.3,27.4,2X spike (2d) | vol trend up | separate spike events | price down + vol up | near 52w low (27% range)
EPAM,75,50,5,20,206.31,5184217088,Technology,Information Technology Services,2.33,2,0,1.02,16.0,rising,21.3,52.1,2X spike (2d) | vol trend up | separate spike events | quiet/consolidating | rev +8%
PCG,75,40,20,15,15.98,35389751296,Utilities,Utilities - Regulated Electric,2.23,1,0,1.03,-1.5,flat,2.7,42.4,2X spike (1d) | vol trend up | price down + vol up | quiet/consolidating | rev +15%
MHK,75,40,15,20,109.68,6328764928,Consumer Cyclical,"Furnishings, Fixtures & Appliances",14.1,1,1,1.21,5.5,rising,-4.2,28.7,2X spike (1d) | vol trend up | near 52w low (29% range) | quiet/consolidating | rev +8%
DUK,75,40,20,15,116.69,96802463744,Utilities,Utilities - Regulated Electric,2.27,1,0,1.04,-6.0,dropping,-1.0,59.0,2X spike (1d) | vol trend up | price down + vol up | quiet/consolidating | rev +11%
D,75,40,20,15,58.44,54429495296,Utilities,Utilities - Regulated Electric,3.42,2,1,1.17,-2.9,flat,3.9,80.2,2X spike (2d) | vol trend up | price down + vol up | quiet/consolidating | rev +23%
CNP,75,40,20,15,38.4,27291951104,Utilities,Utilities - Regulated Electric,2.18,1,0,1.0,-3.4,flat,3.0,84.0,2X spike (1d) | vol trend up | price down + vol up | quiet/consolidating | rev +2%
PDD,75,40,20,15,113.83,140603097088,Consumer Cyclical,Internet Retail,2.39,1,0,1.11,-11.8,dropping,-2.3,51.1,2X spike (1d) | vol trend up | price down + vol up | quiet/consolidating | rev +12%
TFX,75,40,15,20,121.27,5890594304,Healthcare,Medical Instruments & Supplies,4.75,2,1,1.09,17.1,rising,-1.2,23.7,2X spike (2d) | vol trend up | near 52w low (24% range) | quiet/consolidating | rev +32%
NEE,75,40,20,15,79.98,194145288192,Utilities,Utilities - Regulated Electric,3.08,1,1,1.01,-5.5,dropping,8.8,75.9,2X spike (1d) | vol trend up | price down + vol up | quiet/consolidating | rev +7%
FHB,75,50,5,20,25.33,3325883136,Financial Services,Banks - Regional,2.65,3,0,1.05,9.4,rising,6.1,79.2,2X spike (3d) | vol trend up | separate spike events | quiet/consolidating | rev +7%
FLO,75,40,15,20,10.63,1788068480,Consumer Defensive,Packaged Foods,2.02,1,0,1.08,1.0,flat,-23.8,8.7,2X spike (1d) | vol trend up | near 52w low (9% range) | quiet/consolidating | rev +7%
LOPE,75,40,15,20,167.0,4403759104,Consumer Defensive,Education & Training Services,2.92,1,0,1.07,2.4,flat,-9.9,23.5,2X spike (1d) | vol trend up | near 52w low (23% range) | quiet/consolidating | rev +7%
GPN,70,40,15,15,79.05,18916327424,Industrials,Specialty Business Services,2.9,1,0,1.07,9.6,rising,-3.0,28.8,2X spike (1d) | vol trend up | near 52w low (29% range) | quiet/consolidating | rev +64%
KEYS,70,50,5,15,206.01,61792346112,Technology,Scientific & Technical Instruments,3.37,3,1,1.03,17.4,rising,23.0,90.8,2X spike (3d) | vol trend up | separate spike events | quiet/consolidating | rev +23%
ZTS,70,40,15,15,125.33,34724667392,Healthcare,Drug Manufacturers - Specialty & Generic,4.74,2,1,1.21,6.4,rising,-14.0,18.5,2X spike (2d) | vol trend up | near 52w low (18% range) | quiet/consolidating | rev +3%
GLPI,70,50,5,15,44.32,13656957952,Real Estate,REIT - Specialty,2.41,3,0,1.18,4.4,flat,0.1,50.4,2X spike (3d) | vol trend up | separate spike events | quiet/consolidating | rev +6%
CCK,70,50,5,15,103.39,11307640832,Consumer Cyclical,Packaging & Containers,6.91,2,1,1.09,9.2,rising,7.1,84.6,2X spike (2d) | vol trend up | separate spike events | quiet/consolidating | rev +13%
BIRK,70,40,10,20,41.25,7234864128,Consumer Cyclical,Footwear & Accessories,4.78,3,1,1.14,4.4,flat,-13.1,12.6,2X spike (3d) | vol trend up | near 52w low (13% range) | rev +11% | midcap sweet spot
ZBH,70,40,15,15,90.54,15927766016,Healthcare,Medical Devices,2.78,1,0,1.02,2.7,flat,-6.6,20.0,2X spike (1d) | vol trend up | near 52w low (20% range) | quiet/consolidating | rev +9%
UAA,70,50,15,5,5.14,2738472704,Consumer Cyclical,Apparel Manufacturing,4.1,2,1,1.04,20.7,rising,-8.3,22.0,2X spike (2d) | vol trend up | separate spike events | near 52w low (22% range) | quiet/consolidating
CNA,70,50,5,15,45.53,11778938880,Financial Services,Insurance - Property & Casualty,6.8,2,1,1.11,4.6,flat,4.0,74.5,2X spike (2d) | vol trend up | separate spike events | quiet/consolidating | rev +10%
FOX,70,50,5,15,65.04,24077416448,Communication Services,Entertainment,3.25,2,1,1.09,12.6,rising,23.5,98.5,2X spike (2d) | vol trend up | separate spike events | quiet/consolidating | rev +2%
PSN,70,40,25,5,62.25,5261203456,Technology,Information Technology Services,9.22,5,2,1.33,-23.6,dropping,-15.0,17.7,2X spike (5d) | vol trend up | price down + vol up | near 52w low (18% range) | midcap sweet spot
INVH,70,40,15,15,27.62,17066825728,Real Estate,REIT - Residential,2.07,1,0,1.03,0.8,flat,-7.7,24.7,2X spike (1d) | vol trend up | near 52w low (25% range) | quiet/consolidating | rev +9%
REG,70,50,5,15,68.93,14504284160,Real Estate,REIT - Retail,3.35,2,1,1.05,1.8,flat,-0.1,59.6,2X spike (2d) | vol trend up | separate spike events | quiet/consolidating | rev +10%
MRK,70,50,5,15,105.28,275089031168,Healthcare,Drug Manufacturers - General,3.38,3,1,1.17,15.2,rising,26.1,95.8,2X spike (3d) | vol trend up | separate spike events | quiet/consolidating | rev +5%
GRMN,70,50,5,15,204.31,46302846976,Technology,Scientific & Technical Instruments,3.5,2,1,1.07,8.5,rising,-4.2,40.6,2X spike (2d) | vol trend up | separate spike events | quiet/consolidating | rev +14%
GDDY,70,40,15,15,126.08,12078070784,Technology,Software - Infrastructure,3.08,1,1,1.01,0.7,flat,-19.0,4.4,2X spike (1d) | vol trend up | near 52w low (4% range) | quiet/consolidating | rev +6%
ASH,70,50,0,20,58.76,2518785536,Basic Materials,Specialty Chemicals,3.15,3,1,1.08,20.2,rising,14.5,55.6,2X spike (3d) | vol trend up | separate spike events | rev +1% | midcap sweet spot
FAST,70,40,15,15,40.43,50708705280,Industrials,Industrial Distribution,3.25,1,1,1.01,2.9,flat,-4.5,39.7,2X spike (1d) | vol trend up | near 52w low (40% range) | quiet/consolidating | rev +12%
VNOM,70,40,15,15,38.53,16797363200,Energy,Oil & Gas Midstream,2.88,1,0,1.06,6.5,rising,2.0,36.0,2X spike (1d) | vol trend up | near 52w low (36% range) | quiet/consolidating | rev +109%
EXR,70,40,15,15,130.05,31625439232,Real Estate,REIT - Industrial,2.57,1,0,1.0,2.0,flat,-5.3,37.8,2X spike (1d) | vol trend up | near 52w low (38% range) | quiet/consolidating | rev +4%
GE,70,50,5,15,311.34,310471131136,Industrials,Aerospace & Defense,2.84,3,0,1.12,4.0,flat,19.5,96.3,2X spike (3d) | vol trend up | separate spike events | quiet/consolidating | rev +25%
VLTO,70,50,5,15,101.08,21327839232,Industrials,Pollution & Treatment Controls,3.81,2,2,1.1,3.4,flat,0.6,67.2,2X spike (2d) | vol trend up | separate spike events | quiet/consolidating | rev +7%
XPO,70,50,5,15,137.69,24010342400,Industrials,Trucking,2.84,3,0,1.06,7.6,rising,9.9,75.2,2X spike (3d) | vol trend up | separate spike events | quiet/consolidating | rev +7%
JPM,70,50,5,15,320.33,809480355840,Financial Services,Banks - Diversified,2.87,3,0,1.07,7.7,rising,14.0,94.3,2X spike (3d) | vol trend up | separate spike events | quiet/consolidating | rev +13%
URI,70,50,5,15,815.41,58699821056,Industrials,Rental & Leasing Services,2.28,2,0,1.15,1.3,flat,2.3,59.3,2X spike (2d) | vol trend up | separate spike events | quiet/consolidating | rev +7%
PLD,70,50,5,15,127.98,134340575232,Real Estate,REIT - Industrial,2.94,2,0,1.03,5.3,rising,15.9,96.5,2X spike (2d) | vol trend up | separate spike events | quiet/consolidating | rev +8%
FNF,70,50,5,15,54.64,13613988864,Financial Services,Insurance - Specialty,2.62,3,0,1.07,1.1,flat,-0.0,49.7,2X spike (3d) | vol trend up | separate spike events | quiet/consolidating | rev +17%
RPM,70,40,15,15,104.02,12911308800,Basic Materials,Specialty Chemicals,5.04,1,1,1.1,1.0,flat,-6.4,32.2,2X spike (1d) | vol trend up | near 52w low (32% range) | quiet/consolidating | rev +9%
BRK-B,70,50,5,15,503.71,1026532966400,Financial Services,Insurance - Diversified,3.19,2,1,1.01,0.1,flat,1.1,62.4,2X spike (2d) | vol trend up | separate spike events | quiet/consolidating | rev +4%
LIN,70,50,5,15,426.93,228011196416,Basic Materials,Specialty Chemicals,2.5,2,0,1.11,2.9,flat,-4.9,42.6,2X spike (2d) | vol trend up | separate spike events | quiet/consolidating | rev +8%
AIG,70,50,5,15,85.62,40486547456,Financial Services,Insurance - Diversified,2.97,3,0,1.03,13.2,rising,7.2,94.1,2X spike (3d) | vol trend up | separate spike events | quiet/consolidating | rev +1%
LPX,70,50,15,5,82.02,5250345984,Industrials,Building Products & Equipment,3.62,2,1,1.06,10.3,rising,-6.9,19.8,2X spike (2d) | vol trend up | separate spike events | near 52w low (20% range) | quiet/consolidating
ADP,70,40,15,15,257.4,85141397504,Technology,Software - Application,3.79,1,1,1.11,4.1,flat,-10.1,17.7,2X spike (1d) | vol trend up | near 52w low (18% range) | quiet/consolidating | rev +7%
IDXX,70,50,5,15,682.32,44183154688,Healthcare,Diagnostics & Research,3.35,3,1,1.08,2.0,flat,17.6,78.8,2X spike (3d) | vol trend up | separate spike events | quiet/consolidating | rev +14%
TROW,70,50,5,15,102.12,22568701952,Financial Services,Asset Management,2.25,2,0,1.07,7.7,rising,6.3,70.9,2X spike (2d) | vol trend up | separate spike events | quiet/consolidating | rev +5%
TOL,70,50,5,15,136.1,13059147776,Consumer Cyclical,Residential Construction,2.67,3,0,1.07,7.8,rising,11.7,79.7,2X spike (3d) | vol trend up | separate spike events | quiet/consolidating | rev +15%
V,70,50,5,15,352.89,606256889856,Financial Services,Credit Services,3.05,2,1,1.08,8.6,rising,2.8,73.3,2X spike (2d) | vol trend up | separate spike events | quiet/consolidating | rev +17%
EIX,70,50,5,15,58.76,26531540992,Utilities,Utilities - Regulated Electric,2.73,2,0,1.04,4.5,flat,10.6,46.5,2X spike (2d) | vol trend up | separate spike events | quiet/consolidating | rev +8%
DE,70,50,20,0,466.95,155268481024,Industrials,Farm & Heavy Construction Machinery,3.9,2,1,1.15,-1.3,flat,-2.5,54.1,2X spike (2d) | vol trend up | separate spike events | price down + vol up | quiet/consolidating
ROST,70,50,5,15,181.07,73037094912,Consumer Cyclical,Apparel Retail,3.0,3,1,1.18,14.1,rising,23.0,93.2,2X spike (3d) | vol trend up | separate spike events | quiet/consolidating | rev +12%
BR,70,40,15,15,224.01,17290915840,Technology,Information Technology Services,3.61,1,1,1.03,0.6,flat,-4.7,25.7,2X spike (1d) | vol trend up | near 52w low (26% range) | quiet/consolidating | rev +8%
AKAM,70,50,5,15,87.97,21565661184,Technology,Software - Infrastructure,7.9,2,1,1.12,0.4,flat,11.2,56.5,2X spike (2d) | vol trend up | separate spike events | quiet/consolidating | rev +6%
USFD,70,50,5,15,75.92,18586707968,Consumer Defensive,Food Distribution,3.64,3,1,1.1,6.6,rising,1.5,66.9,2X spike (3d) | vol trend up | separate spike events | quiet/consolidating | rev +3%
ADI,70,50,5,15,273.96,203346788352,Technology,Semiconductors,2.69,4,0,1.08,19.9,rising,19.2,92.6,2X spike (4d) | vol trend up | separate spike events | quiet/consolidating | rev +30%
RARE,70,40,25,5,22.78,2572538624,Healthcare,Biotechnology,11.97,2,2,1.28,-30.0,dropping,-31.6,15.6,2X spike (2d) | vol trend up | price down + vol up | near 52w low (16% range) | midcap sweet spot
INTU,70,50,5,15,666.59,110282801152,Technology,Software - Application,2.41,2,0,1.09,3.7,flat,-1.6,49.6,2X spike (2d) | vol trend up | separate spike events | quiet/consolidating | rev +17%
MAS,70,40,15,15,63.93,14472427520,Industrials,Building Products & Equipment,2.3,1,0,1.05,8.2,rising,-2.5,33.9,2X spike (1d) | vol trend up | near 52w low (34% range) | quiet/consolidating | rev +6%
OMC,70,50,5,15,79.93,21962577920,Communication Services,Advertising Agencies,3.04,5,1,1.23,11.6,rising,8.7,71.7,2X spike (5d) | vol trend up | separate spike events | quiet/consolidating | rev +69%
ECL,70,50,5,15,263.77,71547043840,Basic Materials,Specialty Chemicals,2.32,2,0,1.02,3.8,flat,0.9,68.9,2X spike (2d) | vol trend up | separate spike events | quiet/consolidating | rev +10%
PODD,70,40,15,15,287.03,10677841920,Healthcare,Medical Devices,2.81,2,0,1.18,-12.5,dropping,-5.3,45.6,2X spike (2d) | vol trend up | price down + vol up | rev +34%
JAZZ,70,50,5,15,170.82,14166701056,Healthcare,Biotechnology,7.15,4,2,1.31,0.4,flat,33.8,86.1,2X spike (4d) | vol trend up | separate spike events | quiet/consolidating | rev +19%
RSG,70,40,15,15,213.45,61482872832,Industrials,Waste Management,2.87,1,0,1.09,2.3,flat,-7.4,28.5,2X spike (1d) | vol trend up | near 52w low (28% range) | quiet/consolidating | rev +3%
CARR,70,40,15,15,53.01,55507689472,Industrials,Building Products & Equipment,2.48,1,0,1.09,0.6,flat,-16.0,10.3,2X spike (1d) | vol trend up | near 52w low (10% range) | quiet/consolidating | rev +2%
SNOW,70,40,15,15,222.05,52701962240,Technology,Software - Application,4.68,3,1,1.12,-12.2,dropping,5.5,63.5,2X spike (3d) | vol trend up | price down + vol up | rev +30%
SNDK,70,40,15,15,240.22,231366557696,Technology,Computer Hardware,4.53,3,1,1.07,-9.7,dropping,149.3,82.7,2X spike (3d) | vol trend up | price down + vol up | rev +251%
BAH,70,50,15,5,84.51,9290592256,Industrials,Consulting Services,8.41,3,1,1.08,4.3,flat,-16.5,9.2,2X spike (3d) | vol trend up | separate spike events | near 52w low (9% range) | quiet/consolidating
CRH,70,50,5,15,125.37,76014452736,Basic Materials,Building Materials,22.93,3,2,1.53,15.2,rising,20.2,93.4,2X spike (3d) | vol trend up | separate spike events | quiet/consolidating | rev +9%
GFS,70,40,15,15,36.12,40648630272,Technology,Semiconductors,14.38,1,1,1.18,9.6,rising,0.4,35.4,2X spike (1d) | vol trend up | near 52w low (35% range) | quiet/consolidating | rev +3%
LBRDA,70,50,15,5,48.62,5184760320,Communication Services,Telecom Services,3.34,2,2,1.22,5.0,flat,-29.0,8.0,2X spike (2d) | vol trend up | separate spike events | near 52w low (8% range) | quiet/consolidating
ROK,70,50,5,15,392.32,50506137600,Industrials,Specialty Industrial Machinery,2.55,2,0,1.05,6.4,rising,19.4,89.1,2X spike (2d) | vol trend up | separate spike events | quiet/consolidating | rev +12%
ALGN,70,40,15,15,158.14,12087707648,Healthcare,Medical Instruments & Supplies,4.72,1,1,1.07,19.3,rising,-0.6,31.4,2X spike (1d) | vol trend up | near 52w low (31% range) | quiet/consolidating | rev +6%
RH,70,40,10,20,181.93,2530623744,Consumer Cyclical,Specialty Retail,3.32,2,1,1.08,27.7,rising,-6.2,17.7,2X spike (2d) | vol trend up | near 52w low (18% range) | rev +4% | midcap sweet spot
ZG,70,40,10,20,69.34,9595947008,Communication Services,Internet Content & Information,4.03,2,1,1.1,3.3,flat,-3.3,37.8,2X spike (2d) | vol trend up | near 52w low (38% range) | rev +18% | midcap sweet spot
ECG,70,50,0,20,87.63,8332032512,Industrials,Engineering & Construction,3.54,2,1,1.08,0.7,flat,25.6,78.5,2X spike (2d) | vol trend up | separate spike events | rev +25% | midcap sweet spot
HIG,70,50,5,15,138.25,36190752768,Financial Services,Insurance - Diversified,2.74,2,0,1.02,5.6,rising,9.4,95.6,2X spike (2d) | vol trend up | separate spike events | quiet/consolidating | rev +6%
BRBR,70,40,10,20,26.69,1198824704,Consumer Defensive,Packaged Foods,3.77,3,1,1.17,4.2,flat,-45.4,7.3,2X spike (3d) | vol trend up | near 52w low (7% range) | rev +2% | midcap sweet spot
AMP,70,50,5,15,491.22,41852489728,Financial Services,Asset Management,3.23,2,1,1.04,12.2,rising,0.6,56.0,2X spike (2d) | vol trend up | separate spike events | quiet/consolidating | rev +9%
NWSA,70,40,15,15,26.28,14786685952,Communication Services,Entertainment,3.6,1,1,1.01,3.6,flat,-4.7,37.2,2X spike (1d) | vol trend up | near 52w low (37% range) | quiet/consolidating | rev +9%
NXPI,70,50,5,15,218.84,74415849472,Technology,Semiconductors,4.0,2,1,1.07,16.0,rising,5.0,70.6,2X spike (2d) | vol trend up | separate spike events | quiet/consolidating | rev +12%
WMT,70,50,5,15,111.48,1039656222720,Consumer Defensive,Discount Stores,2.8,4,0,1.19,8.9,rising,12.4,85.5,2X spike (4d) | vol trend up | separate spike events | quiet/consolidating | rev +6%
HPQ,70,40,15,15,22.53,20819888128,Technology,Computer Hardware,2.38,1,0,1.05,1.3,flat,-10.2,18.0,2X spike (1d) | vol trend up | near 52w low (18% range) | quiet/consolidating | rev +7%
ES,70,40,15,15,66.84,25013084160,Utilities,Utilities - Regulated Electric,3.58,2,1,1.06,-7.7,dropping,5.1,71.3,2X spike (2d) | vol trend up | price down + vol up | rev +9%
ERIE,70,40,15,15,284.71,11289381888,Financial Services,Insurance Brokers,4.67,1,1,1.05,0.2,flat,-15.5,8.0,2X spike (1d) | vol trend up | near 52w low (8% range) | quiet/consolidating | rev +2%
MA,70,50,5,15,575.56,437798141952,Financial Services,Credit Services,2.71,2,0,1.03,7.6,rising,3.1,82.9,2X spike (2d) | vol trend up | separate spike events | quiet/consolidating | rev +16%
DRI,70,40,15,15,182.18,22475202560,Consumer Cyclical,Restaurants,3.44,2,2,1.17,7.7,rising,-6.0,28.6,2X spike (2d) | vol trend up | near 52w low (29% range) | quiet/consolidating | rev +6%
PAYX,70,40,15,15,112.22,33654261760,Technology,Software - Application,3.64,2,1,1.1,2.6,flat,-15.6,10.7,2X spike (2d) | vol trend up | near 52w low (11% range) | quiet/consolidating | rev +20%
ALSN,70,50,5,15,98.66,10298990592,Consumer Cyclical,Auto Parts,2.97,2,0,1.05,25.2,rising,8.8,51.9,2X spike (2d) | vol trend up | separate spike events | quiet/consolidating | rev +84%
WM,70,50,5,15,221.24,86487367680,Industrials,Waste Management,2.48,2,0,1.01,7.2,rising,0.0,61.8,2X spike (2d) | vol trend up | separate spike events | quiet/consolidating | rev +4%
XYZ,70,50,5,15,65.54,44549296128,Technology,Software - Infrastructure,3.06,3,1,1.1,11.3,rising,-2.2,42.6,2X spike (3d) | vol trend up | separate spike events | quiet/consolidating | rev +5%
BIIB,70,50,5,15,176.4,28560400384,Healthcare,Drug Manufacturers - General,7.9,2,1,1.15,7.1,rising,25.1,88.3,2X spike (2d) | vol trend up | separate spike events | quiet/consolidating | rev +2%
ADSK,70,50,5,15,299.54,51625013248,Technology,Software - Application,3.12,3,1,1.14,2.6,flat,1.4,69.4,2X spike (3d) | vol trend up | separate spike events | quiet/consolidating | rev +19%
MDT,70,50,5,15,95.88,97767841792,Healthcare,Medical Devices,3.24,2,1,1.09,1.1,flat,7.5,69.0,2X spike (2d) | vol trend up | separate spike events | quiet/consolidating | rev +9%
CMCSA,70,40,15,15,27.44,90734608384,Communication Services,Telecom Services,2.98,3,0,1.07,10.1,rising,-6.5,36.5,2X spike (3d) | vol trend up | near 52w low (36% range) | quiet/consolidating | rev +5%
OWL,70,40,15,15,14.7,16463572992,Financial Services,Asset Management,2.49,2,0,1.01,8.9,rising,-14.4,14.1,2X spike (2d) | vol trend up | near 52w low (14% range) | quiet/consolidating | rev +10%
FOXA,70,50,5,15,73.34,26774427648,Communication Services,Entertainment,3.03,2,1,1.03,14.2,rising,26.6,96.6,2X spike (2d) | vol trend up | separate spike events | quiet/consolidating | rev +2%
BRX,65,40,5,20,25.79,9156004864,Real Estate,REIT - Retail,2.83,1,0,1.07,1.6,flat,1.9,67.2,2X spike (1d) | vol trend up | quiet/consolidating | rev +5% | midcap sweet spot
LLYVK,65,40,5,20,83.33,8809423872,Communication Services,Entertainment,5.04,4,3,1.24,2.7,flat,0.9,54.1,2X spike (4d) | vol trend up | quiet/consolidating | rev +29% | midcap sweet spot
CVNA,65,50,0,15,85.91,61884190720,Consumer Cyclical,Auto & Truck Dealerships,9.74,2,2,1.16,32.9,rising,31.3,83.5,2X spike (2d) | vol trend up | separate spike events | rev +52%
VOYA,65,40,5,20,74.49,7397464064,Financial Services,Financial Conglomerates,2.32,1,0,1.06,10.0,rising,8.0,90.5,2X spike (1d) | vol trend up | quiet/consolidating | rev +3% | midcap sweet spot
AYI,65,40,5,20,364.43,8892347392,Industrials,Electrical Equipment & Parts,3.52,1,1,1.07,6.5,rising,17.5,91.2,2X spike (1d) | vol trend up | quiet/consolidating | rev +5% | midcap sweet spot
LEN,65,40,25,0,102.88,21767843840,Consumer Cyclical,Residential Construction,6.12,7,4,1.37,-8.9,dropping,-11.4,14.5,2X spike (7d) | vol trend up | price down + vol up | near 52w low (15% range)
DCI,65,40,5,20,90.05,9960025088,Industrials,Specialty Industrial Machinery,2.89,1,0,1.17,6.7,rising,19.4,88.4,2X spike (1d) | vol trend up | quiet/consolidating | rev +3% | midcap sweet spot
RCL,65,50,0,15,280.21,73817980928,Consumer Cyclical,Travel Services,2.58,4,0,1.05,14.6,rising,0.6,59.1,2X spike (4d) | vol trend up | separate spike events | rev +11%
TTC,65,40,5,20,79.17,9309401088,Industrials,Tools & Accessories,3.11,5,2,1.27,14.6,rising,8.8,74.7,2X spike (5d) | vol trend up | quiet/consolidating | rev +4% | midcap sweet spot
INGM,65,40,5,20,21.78,6300785664,Technology,Information Technology Services,2.54,1,0,1.0,12.0,rising,9.1,75.1,2X spike (1d) | vol trend up | quiet/consolidating | rev +14% | midcap sweet spot
MELI,65,35,15,15,2020.88,82764169216,Consumer Cyclical,Internet Retail,2.39,2,0,0.99,-1.8,flat,-10.9,34.4,2X spike (2d) | separate spike events | near 52w low (34% range) | quiet/consolidating | rev +49%
CRM,65,35,15,15,265.26,148738539520,Technology,Software - Application,2.4,2,0,0.99,12.4,rising,3.8,31.0,2X spike (2d) | separate spike events | near 52w low (31% range) | quiet/consolidating | rev +12%
RBLX,65,35,15,15,81.81,30006669312,Communication Services,Electronic Gaming & Multimedia,2.03,2,0,0.99,-19.2,dropping,-19.0,31.6,2X spike (2d) | separate spike events | near 52w low (32% range) | quiet/consolidating | rev +39%
NXST,65,40,5,20,203.52,6192996352,Communication Services,Broadcasting,2.57,1,0,1.02,9.4,rising,12.7,80.8,2X spike (1d) | vol trend up | quiet/consolidating | rev +13% | midcap sweet spot
REXR,65,40,20,5,38.78,8391589376,Real Estate,REIT - Industrial,2.16,1,0,1.09,-1.4,flat,4.2,69.7,2X spike (1d) | vol trend up | price down + vol up | quiet/consolidating | midcap sweet spot
FIX,65,50,0,15,946.44,68728160256,Industrials,Engineering & Construction,15.49,2,2,1.31,2.9,flat,43.2,88.2,2X spike (2d) | vol trend up | separate spike events | rev +1%
LLYVA,65,40,5,20,81.25,8610694144,Communication Services,Entertainment,7.53,5,2,1.26,3.6,flat,0.9,54.3,2X spike (5d) | vol trend up | quiet/consolidating | rev +29% | midcap sweet spot
MCHP,65,50,0,15,64.3,53621112832,Technology,Semiconductors,2.83,2,0,1.05,26.2,rising,7.4,73.5,2X spike (2d) | vol trend up | separate spike events | rev +35%
FLEX,65,50,0,15,61.67,52272201728,Technology,Electronic Components,5.88,7,2,1.25,5.0,flat,22.1,77.6,2X spike (7d) | vol trend up | separate spike events | rev +17%
UGI,65,40,5,20,37.35,6929204736,Utilities,Utilities - Regulated Gas,2.86,2,0,1.15,9.8,rising,10.5,88.4,2X spike (2d) | vol trend up | quiet/consolidating | rev +1% | midcap sweet spot
THG,65,40,5,20,183.28,6617400832,Financial Services,Insurance - Property & Casualty,5.12,1,1,1.05,3.7,flat,7.7,91.5,2X spike (1d) | vol trend up | quiet/consolidating | rev +6% | midcap sweet spot
DASH,65,50,0,15,228.13,71427366912,Consumer Cyclical,Internet Retail,3.3,4,1,1.09,8.3,rising,0.6,55.9,2X spike (4d) | vol trend up | separate spike events | rev +33%
MSA,65,40,5,20,162.15,6560378880,Industrials,Security & Protection Services,2.01,1,0,1.03,4.5,flat,-0.0,65.3,2X spike (1d) | vol trend up | quiet/consolidating | rev +10% | midcap sweet spot
BLNK,65,40,25,0,0.64,121431416,Industrials,Engineering & Construction,4.81,5,4,1.11,-54.0,dropping,-42.3,0.7,2X spike (5d) | vol trend up | price down + vol up | near 52w low (1% range)
AM,65,40,5,20,17.46,9936581632,Energy,Oil & Gas Midstream,4.56,1,1,1.04,0.2,flat,1.0,68.3,2X spike (1d) | vol trend up | quiet/consolidating | rev +9% | midcap sweet spot
WSC,65,50,10,5,18.94,5085950464,Industrials,Rental & Leasing Services,3.41,3,1,1.08,17.3,rising,-22.0,17.0,2X spike (3d) | vol trend up | separate spike events | near 52w low (17% range) | midcap sweet spot
CSGP,65,35,15,15,67.86,13381817344,Real Estate,Real Estate Services,3.07,3,1,1.0,1.3,flat,-14.2,16.5,2X spike (3d) | separate spike events | near 52w low (17% range) | quiet/consolidating | rev +22%
WLK,65,50,15,0,74.51,12024338432,Basic Materials,Specialty Chemicals,2.8,2,0,1.15,27.9,rising,-5.2,31.3,2X spike (2d) | vol trend up | separate spike events | near 52w low (31% range) | quiet/consolidating
CERT,65,35,10,20,8.86,967481216,Healthcare,Health Information Services,2.48,2,0,0.99,8.4,rising,-19.4,10.9,2X spike (2d) | separate spike events | near 52w low (11% range) | rev +3% | midcap sweet spot
LEA,65,40,5,20,115.6,6997784576,Consumer Cyclical,Auto Parts,2.55,1,0,1.04,15.0,rising,18.7,93.8,2X spike (1d) | vol trend up | quiet/consolidating | rev +5% | midcap sweet spot
PRI,65,40,5,20,259.3,8561568768,Financial Services,Insurance - Life,5.54,1,1,1.13,2.5,flat,-1.5,48.9,2X spike (1d) | vol trend up | quiet/consolidating | rev +8% | midcap sweet spot
UA,65,50,10,5,4.93,2661812480,Consumer Cyclical,Apparel Manufacturing,5.05,2,1,1.06,21.4,rising,-7.9,25.1,2X spike (2d) | vol trend up | separate spike events | near 52w low (25% range) | midcap sweet spot
SSD,65,40,5,20,164.31,7759099392,Basic Materials,Lumber & Wood Production,2.68,1,0,1.02,4.0,flat,-1.2,46.2,2X spike (1d) | vol trend up | quiet/consolidating | rev +9% | midcap sweet spot
CLVT,65,50,10,5,3.37,1777021824,Technology,Information Technology Services,2.42,3,0,1.15,0.0,flat,-14.5,12.2,2X spike (3d) | vol trend up | separate spike events | near 52w low (12% range) | midcap sweet spot
LAKE,65,40,25,0,8.49,104885960,Consumer Cyclical,Apparel Manufacturing,14.41,9,4,1.49,-41.8,dropping,-44.7,3.7,2X spike (9d) | vol trend up | price down + vol up | near 52w low (4% range)
WWD,65,50,0,15,302.85,22041487360,Industrials,Aerospace & Defense,3.07,2,1,1.13,16.8,rising,26.6,91.6,2X spike (2d) | vol trend up | separate spike events | rev +23%
WY,65,50,15,0,23.78,16966133760,Real Estate,REIT - Specialty,2.21,3,0,1.09,12.6,rising,-3.3,31.3,2X spike (3d) | vol trend up | separate spike events | near 52w low (31% range) | quiet/consolidating
SMG,65,40,5,20,57.16,3553752832,Basic Materials,Agricultural Inputs,2.12,1,0,1.03,6.9,rising,-0.2,43.2,2X spike (1d) | vol trend up | quiet/consolidating | rev +5% | midcap sweet spot
CIEN,65,50,0,15,238.36,77501890560,Technology,Communication Equipment,4.71,2,1,1.11,24.3,rising,99.8,95.2,2X spike (2d) | vol trend up | separate spike events | rev +33%
RBRK,65,50,0,15,77.87,12830185472,Technology,Software - Infrastructure,4.63,3,2,1.19,11.7,rising,-2.6,54.8,2X spike (3d) | vol trend up | separate spike events | rev +46%
LAZ,65,40,5,20,48.99,4732883968,Financial Services,Capital Markets,2.26,2,0,1.06,3.8,flat,3.5,69.7,2X spike (2d) | vol trend up | quiet/consolidating | rev +15% | midcap sweet spot
GEV,65,50,0,15,658.76,279509106688,Industrials,Specialty Industrial Machinery,3.68,2,1,1.03,14.3,rising,24.0,85.1,2X spike (2d) | vol trend up | separate spike events | rev +16%
PINS,65,35,15,15,26.03,11914546176,Communication Services,Internet Content & Information,6.48,2,1,1.0,2.0,flat,-18.3,13.6,2X spike (2d) | separate spike events | near 52w low (14% range) | quiet/consolidating | rev +18%
RL,60,40,5,15,357.68,21736644608,Consumer Cyclical,Apparel Manufacturing,2.51,1,0,1.1,10.9,rising,23.6,90.0,2X spike (1d) | vol trend up | quiet/consolidating | rev +12%
VIK,60,40,5,15,72.12,36876701696,Consumer Cyclical,Travel Services,2.05,1,0,1.1,26.0,rising,31.0,94.2,2X spike (1d) | vol trend up | quiet/consolidating | rev +28%
UNM,60,40,5,15,77.39,12922701824,Financial Services,Insurance - Life,3.52,1,1,1.04,3.2,flat,2.5,72.8,2X spike (1d) | vol trend up | quiet/consolidating | rev +8%
MKTX,60,25,15,20,181.71,5243135488,Financial Services,Capital Markets,3.59,1,1,0.99,5.7,rising,-6.4,36.2,2X spike (1d) | near 52w low (36% range) | quiet/consolidating | rev +12% | midcap sweet spot
KBR,60,40,15,5,40.47,4125745408,Industrials,Engineering & Construction,4.12,1,1,1.02,0.6,flat,-14.6,5.8,2X spike (1d) | vol trend up | near 52w low (6% range) | quiet/consolidating | midcap sweet spot
BMY,60,40,5,15,53.03,114682724352,Healthcare,Drug Manufacturers - General,2.6,1,0,1.01,15.8,rising,13.3,63.5,2X spike (1d) | vol trend up | quiet/consolidating | rev +3%
COLM,60,25,15,20,55.89,3223915520,Consumer Cyclical,Apparel Manufacturing,2.03,1,0,0.86,9.9,rising,-3.8,20.5,2X spike (1d) | near 52w low (20% range) | quiet/consolidating | rev +0% | midcap sweet spot
ARMK,60,40,5,15,37.16,11848647680,Industrials,Specialty Business Services,4.04,2,1,1.05,3.7,flat,-2.4,52.2,2X spike (2d) | vol trend up | quiet/consolidating | rev +6%
FANG,60,40,5,15,150.35,53083820032,Energy,Oil & Gas E&P,2.2,1,0,1.0,3.3,flat,6.4,61.6,2X spike (1d) | vol trend up | quiet/consolidating | rev +4%
XOM,60,40,5,15,120.19,599235035136,Energy,Oil & Gas Integrated,3.05,1,1,1.08,2.8,flat,9.9,97.0,2X spike (1d) | vol trend up | quiet/consolidating | rev +3%
CTSH,60,40,5,15,83.71,24444639232,Technology,Information Technology Services,3.86,1,1,1.01,18.7,rising,13.4,78.8,2X spike (1d) | vol trend up | quiet/consolidating | rev +6%
NTRA,60,40,5,15,229.98,27733295104,Healthcare,Diagnostics & Research,2.75,2,0,1.04,11.6,rising,33.1,86.1,2X spike (2d) | vol trend up | quiet/consolidating | rev +39%
AMT,60,15,30,15,174.97,82244100096,Real Estate,REIT - Specialty,1.93,0,0,1.05,-1.1,flat,-11.1,15.9,vol trend up | price down + vol up | near 52w low (16% range) | quiet/consolidating | rev +7%
BA,60,40,5,15,218.5,187111440384,Industrials,Aerospace & Defense,2.8,1,0,1.03,13.9,rising,6.6,78.7,2X spike (1d) | vol trend up | quiet/consolidating | rev +14%
SNX,60,40,5,15,151.64,19275352064,Technology,Electronics & Computer Distribution,2.86,1,0,1.09,4.2,flat,10.4,80.5,2X spike (1d) | vol trend up | quiet/consolidating | rev +18%
HEI,60,40,5,15,328.14,40811921408,Industrials,Aerospace & Defense,2.92,1,0,1.2,5.6,rising,8.8,90.4,2X spike (1d) | vol trend up | quiet/consolidating | rev +14%
VNT,60,35,5,20,37.83,4236672000,Technology,Scientific & Technical Instruments,2.28,2,0,0.96,9.2,rising,0.7,64.0,2X spike (2d) | separate spike events | quiet/consolidating | rev +1% | midcap sweet spot
PCTY,60,25,15,20,152.98,5941536256,Technology,Software - Application,2.29,1,0,0.88,5.3,rising,-11.2,19.8,2X spike (1d) | near 52w low (20% range) | quiet/consolidating | rev +10% | midcap sweet spot
MPWR,60,40,5,15,920.51,78649270272,Technology,Semiconductors,8.88,1,1,1.05,3.0,flat,16.6,70.9,2X spike (1d) | vol trend up | quiet/consolidating | rev +26%
GEN,60,40,5,15,27.31,13736454144,Technology,Software - Infrastructure,5.17,2,1,1.07,5.0,rising,-1.3,52.8,2X spike (2d) | vol trend up | quiet/consolidating | rev +27%
OHI,60,40,5,15,43.53,14713670656,Real Estate,REIT - Healthcare Facilities,2.26,1,0,1.01,1.4,flat,14.5,88.2,2X spike (1d) | vol trend up | quiet/consolidating | rev +17%
OC,60,40,15,5,111.56,9797880832,Industrials,Building Products & Equipment,6.55,1,1,1.05,14.1,rising,-15.5,16.9,2X spike (1d) | vol trend up | near 52w low (17% range) | quiet/consolidating | midcap sweet spot
BSY,60,25,15,20,38.61,9952378880,Technology,Software - Application,2.38,1,0,0.99,-7.4,dropping,-20.1,10.3,2X spike (1d) | near 52w low (10% range) | quiet/consolidating | rev +14% | midcap sweet spot
FDX,60,40,5,15,289.88,90331742208,Industrials,Integrated Freight & Logistics,3.13,2,1,1.0,10.5,rising,23.8,94.4,2X spike (2d) | vol trend up | quiet/consolidating | rev +8%
JBL,60,40,5,15,231.5,37469257728,Technology,Electronic Components,3.15,1,1,1.07,15.5,rising,18.9,95.7,2X spike (1d) | vol trend up | quiet/consolidating | rev +23%
BWA,60,40,5,15,45.59,12577648640,Consumer Cyclical,Auto Parts,14.09,1,1,1.25,5.7,rising,22.1,97.7,2X spike (1d) | vol trend up | quiet/consolidating | rev +0%
IRDM,60,25,15,20,17.4,4383472128,Communication Services,Telecom Services,6.59,1,1,0.94,8.5,rising,-23.0,11.0,2X spike (1d) | near 52w low (11% range) | quiet/consolidating | rev +2% | midcap sweet spot
MSCI,60,40,5,15,579.96,42576187392,Financial Services,Financial Data & Stock Exchanges,2.65,1,0,1.03,4.4,flat,4.4,69.1,2X spike (1d) | vol trend up | quiet/consolidating | rev +14%
NDAQ,60,40,5,15,97.87,50282233856,Financial Services,Financial Data & Stock Exchanges,3.14,1,1,1.11,14.9,rising,13.6,96.0,2X spike (1d) | vol trend up | quiet/consolidating | rev +14%
TRV,60,40,5,15,291.32,63376625664,Financial Services,Insurance - Property & Casualty,2.18,1,0,1.01,3.2,flat,8.9,95.2,2X spike (1d) | vol trend up | quiet/consolidating | rev +1%
THO,60,40,0,20,103.04,4060405760,Consumer Cyclical,Recreational Vehicles,2.84,1,0,1.14,8.2,rising,11.7,76.5,2X spike (1d) | vol trend up | rev +5% | midcap sweet spot
NDSN,60,40,5,15,243.21,15816324096,Industrials,Specialty Industrial Machinery,4.94,5,2,1.29,7.5,rising,12.9,92.4,2X spike (5d) | vol trend up | quiet/consolidating | rev +9%
FTV,60,40,5,15,55.88,18422751232,Technology,Scientific & Technical Instruments,3.79,1,1,1.03,10.9,rising,9.0,61.7,2X spike (1d) | vol trend up | quiet/consolidating | rev +8%
BAM,60,40,5,15,52.16,81516273664,Financial Services,Asset Management,2.08,1,0,1.01,7.6,rising,-3.5,53.3,2X spike (1d) | vol trend up | quiet/consolidating | rev +24%
PRMB,60,25,15,20,16.34,8429436928,Consumer Defensive,Beverages - Non-Alcoholic,2.44,1,0,0.93,5.8,rising,-35.8,10.3,2X spike (1d) | near 52w low (10% range) | quiet/consolidating | rev +1% | midcap sweet spot
EXP,60,40,15,5,209.89,6614893568,Basic Materials,Building Materials,4.49,1,1,1.02,5.7,rising,-4.8,25.7,2X spike (1d) | vol trend up | near 52w low (26% range) | quiet/consolidating | midcap sweet spot
NLY,60,40,5,15,21.59,16568071168,Real Estate,REIT - Mortgage,3.26,1,1,1.05,7.1,rising,16.1,95.6,2X spike (1d) | vol trend up | quiet/consolidating | rev +49%
MANH,60,25,15,20,174.75,8461721600,Technology,Software - Application,2.29,1,0,0.9,2.2,flat,-8.6,21.4,2X spike (1d) | near 52w low (21% range) | quiet/consolidating | rev +7% | midcap sweet spot
QSR,60,40,5,15,68.15,36374614016,Consumer Cyclical,Restaurants,3.09,1,1,1.05,1.9,flat,4.2,73.1,2X spike (1d) | vol trend up | quiet/consolidating | rev +7%
ARES,60,40,5,15,161.04,41737326592,Financial Services,Asset Management,18.4,2,2,1.32,15.6,rising,0.8,63.2,2X spike (2d) | vol trend up | quiet/consolidating | rev +28%
MLI,60,40,5,15,116.04,15571659776,Industrials,Metal Fabrication,5.26,1,1,1.06,11.3,rising,28.5,95.2,2X spike (1d) | vol trend up | quiet/consolidating | rev +19%
MO,60,40,5,15,56.82,113752989696,Consumer Defensive,Tobacco,4.13,1,1,1.0,1.2,flat,-1.6,56.4,2X spike (1d) | vol trend up | quiet/consolidating | rev +5%
GOOG,60,40,5,15,314.33,4810436771840,Communication Services,Internet Content & Information,2.37,2,0,1.12,10.2,rising,44.7,92.5,2X spike (2d) | vol trend up | quiet/consolidating | rev +22%
VRTX,60,40,5,15,453.74,109090652160,Healthcare,Biotechnology,3.82,1,1,1.0,4.5,flat,3.1,58.0,2X spike (1d) | vol trend up | quiet/consolidating | rev +8%
INGR,60,40,15,5,109.56,6765570048,Consumer Defensive,Packaged Foods,3.95,1,1,1.07,3.9,flat,-11.1,23.6,2X spike (1d) | vol trend up | near 52w low (24% range) | quiet/consolidating | midcap sweet spot
MCD,60,40,5,15,306.32,195921985536,Consumer Cyclical,Restaurants,2.3,1,0,1.04,1.6,flat,1.6,73.3,2X spike (1d) | vol trend up | quiet/consolidating | rev +9%
HALO,60,35,5,20,67.7,7596572672,Healthcare,Biotechnology,2.7,3,0,0.99,-4.1,flat,6.4,63.1,2X spike (3d) | separate spike events | quiet/consolidating | rev +52% | midcap sweet spot
FER,60,40,5,15,64.92,50500628480,Industrials,Engineering & Construction,36.82,2,1,1.51,3.1,flat,18.6,89.0,2X spike (2d) | vol trend up | quiet/consolidating | rev +6%
C,60,40,5,15,116.05,214135193600,Financial Services,Banks - Diversified,2.86,1,0,1.02,19.4,rising,32.2,91.8,2X spike (1d) | vol trend up | quiet/consolidating | rev +16%
KRMN,60,40,0,20,74.62,8062899712,Industrials,Aerospace & Defense,4.76,1,1,1.11,28.0,rising,36.2,77.7,2X spike (1d) | vol trend up | rev +47% | midcap sweet spot
GWW,60,40,5,15,1019.16,58247294976,Industrials,Industrial Distribution,3.03,1,1,1.03,10.6,rising,2.2,55.2,2X spike (1d) | vol trend up | quiet/consolidating | rev +10%
GAP,60,40,0,20,25.56,8538000384,Consumer Cyclical,Apparel Retail,2.38,1,0,1.03,9.0,rising,15.6,76.0,2X spike (1d) | vol trend up | rev +2% | midcap sweet spot
SRE,60,40,20,0,88.47,59832250368,Utilities,Utilities - Diversified,3.48,1,1,1.06,-2.7,flat,10.9,82.8,2X spike (1d) | vol trend up | price down + vol up | quiet/consolidating
GOOGL,60,40,5,15,313.63,4855869472768,Communication Services,Internet Content & Information,2.44,3,0,1.13,10.2,rising,45.1,92.2,2X spike (3d) | vol trend up | quiet/consolidating | rev +22%
TSN,60,40,5,15,58.71,24078608384,Consumer Defensive,Farm Products,3.02,1,1,1.0,12.4,rising,7.1,72.2,2X spike (1d) | vol trend up | quiet/consolidating | rev +4%
ZM,60,40,5,15,86.3,32188723200,Technology,Software - Application,4.12,2,2,1.1,5.4,rising,8.4,81.0,2X spike (2d) | vol trend up | quiet/consolidating | rev +5%
PPG,60,40,5,15,103.09,24432068608,Basic Materials,Specialty Chemicals,2.02,1,0,1.02,8.7,rising,-1.9,46.1,2X spike (1d) | vol trend up | quiet/consolidating | rev +7%
NVST,60,35,5,20,21.91,3944524800,Healthcare,Medical Instruments & Supplies,2.22,2,0,0.99,14.7,rising,13.1,90.9,2X spike (2d) | separate spike events | quiet/consolidating | rev +14% | midcap sweet spot
O,60,40,5,15,55.79,57739935744,Real Estate,REIT - Retail,2.45,1,0,1.06,0.5,flat,1.1,71.3,2X spike (1d) | vol trend up | quiet/consolidating | rev +12%
NTAP,60,40,5,15,107.34,23371120640,Technology,Software - Infrastructure,2.45,1,0,1.07,1.5,flat,2.5,67.8,2X spike (1d) | vol trend up | quiet/consolidating | rev +4%
MORN,60,25,15,20,216.86,6719550464,Financial Services,Financial Data & Stock Exchanges,2.93,1,0,0.98,5.1,rising,-16.5,11.1,2X spike (1d) | near 52w low (11% range) | quiet/consolidating | rev +11% | midcap sweet spot
PRGO,60,40,15,5,13.63,1620286720,Healthcare,Drug Manufacturers - Specialty & Generic,9.55,1,1,1.2,2.8,flat,-38.0,10.0,2X spike (1d) | vol trend up | near 52w low (10% range) | quiet/consolidating | midcap sweet spot
TJX,60,40,5,15,154.91,169587671040,Consumer Cyclical,Apparel Retail,2.6,4,0,1.11,7.0,rising,15.7,94.7,2X spike (4d) | vol trend up | quiet/consolidating | rev +8%
HLNE,60,25,15,20,135.1,4963984896,Financial Services,Asset Management,3.04,1,1,0.98,7.5,rising,-4.2,37.0,2X spike (1d) | near 52w low (37% range) | quiet/consolidating | rev +18% | midcap sweet spot
VNO,60,40,15,5,33.69,6586110976,Real Estate,REIT - Office,2.15,1,0,1.02,4.1,flat,-8.7,30.3,2X spike (1d) | vol trend up | near 52w low (30% range) | quiet/consolidating | midcap sweet spot
MLM,60,40,5,15,630.65,35449896960,Basic Materials,Building Materials,2.33,1,0,1.06,7.2,rising,9.7,85.3,2X spike (1d) | vol trend up | quiet/consolidating | rev +17%
CZR,60,25,15,20,23.52,5711101440,Consumer Cyclical,Resorts & Casinos,2.71,1,0,0.86,14.1,rising,-8.4,24.2,2X spike (1d) | near 52w low (24% range) | quiet/consolidating | rev +3% | midcap sweet spot
ESI,60,40,5,15,25.21,10694355968,Basic Materials,Specialty Chemicals,2.56,2,0,1.04,1.6,flat,5.7,76.8,2X spike (2d) | vol trend up | quiet/consolidating | rev +42%
NYT,60,40,5,15,69.38,12853518336,Communication Services,Publishing,2.23,1,0,1.01,10.8,rising,23.1,94.5,2X spike (1d) | vol trend up | quiet/consolidating | rev +13%
COO,60,40,5,15,82.47,11706863616,Healthcare,Medical Instruments & Supplies,3.59,1,1,1.16,15.6,rising,10.7,53.8,2X spike (1d) | vol trend up | quiet/consolidating | rev +6%
ALLE,60,40,5,15,160.52,11547201536,Industrials,Security & Protection Services,3.28,1,1,1.05,0.7,flat,4.2,69.7,2X spike (1d) | vol trend up | quiet/consolidating | rev +10%
DIS,60,40,5,15,114.79,187577958400,Communication Services,Entertainment,2.21,1,0,1.08,9.3,rising,5.1,79.7,2X spike (1d) | vol trend up | quiet/consolidating | rev +6%
DXC,60,40,15,5,14.89,1600836608,Technology,Information Technology Services,2.01,1,0,1.05,19.5,rising,2.1,25.7,2X spike (1d) | vol trend up | near 52w low (26% range) | quiet/consolidating | midcap sweet spot
GEHC,60,40,5,15,83.26,28871981056,Healthcare,Medical Devices,2.44,3,0,1.03,18.0,rising,12.0,69.4,2X spike (3d) | vol trend up | quiet/consolidating | rev +7%
PRU,60,40,5,15,112.17,35013844992,Financial Services,Insurance - Life,2.01,1,0,1.03,11.3,rising,9.8,85.3,2X spike (1d) | vol trend up | quiet/consolidating | rev +15%
L,60,40,5,15,106.13,21502846976,Financial Services,Insurance - Property & Casualty,2.07,1,0,1.11,2.0,flat,12.0,90.5,2X spike (1d) | vol trend up | quiet/consolidating | rev +1%
SCHW,60,40,5,15,99.85,155263369216,Financial Services,Capital Markets,2.58,1,0,1.03,9.4,rising,11.5,95.3,2X spike (1d) | vol trend up | quiet/consolidating | rev +16%
JCI,60,40,5,15,120.57,85123325952,Industrials,Building Products & Equipment,3.88,1,1,1.09,3.9,flat,17.1,94.9,2X spike (1d) | vol trend up | quiet/consolidating | rev +8%
ALL,60,40,5,15,208.05,54869270528,Financial Services,Insurance - Property & Casualty,2.98,1,0,1.09,0.4,flat,4.2,86.2,2X spike (1d) | vol trend up | quiet/consolidating | rev +3%
SAIL,60,40,0,20,20.81,6937132032,Technology,Software - Infrastructure,2.55,2,0,1.06,12.5,rising,2.8,51.0,2X spike (2d) | vol trend up | rev +23% | midcap sweet spot
RJF,60,40,5,15,161.4,30076299264,Financial Services,Asset Management,3.38,1,1,1.02,4.6,flat,4.4,75.8,2X spike (1d) | vol trend up | quiet/consolidating | rev +13%
BAC,60,40,5,15,54.97,364126076928,Financial Services,Banks - Diversified,2.43,2,0,1.01,7.9,rising,17.2,94.7,2X spike (2d) | vol trend up | quiet/consolidating | rev +8%
AIT,60,40,5,15,260.68,11415693312,Industrials,Industrial Distribution,4.6,1,1,1.0,8.5,rising,5.7,76.8,2X spike (1d) | vol trend up | quiet/consolidating | rev +7%
LFUS,60,40,5,15,256.8,11557787648,Technology,Electronic Components,2.33,1,0,1.04,9.4,rising,11.0,87.3,2X spike (1d) | vol trend up | quiet/consolidating | rev +18%
AME,60,40,5,15,206.7,53266776064,Industrials,Specialty Industrial Machinery,2.88,1,0,1.03,8.5,rising,13.4,95.3,2X spike (1d) | vol trend up | quiet/consolidating | rev +11%
TDC,60,35,5,20,30.89,2972619008,Technology,Software - Infrastructure,2.72,2,0,0.92,18.2,rising,33.5,85.3,2X spike (2d) | separate spike events | quiet/consolidating | rev +6% | midcap sweet spot
WTW,60,40,5,15,331.56,24212682752,Financial Services,Insurance Brokers,3.17,1,1,1.02,4.7,flat,4.1,68.8,2X spike (1d) | vol trend up | quiet/consolidating | rev +8%
ADC,60,35,5,20,71.57,9180735488,Real Estate,REIT - Retail,3.13,2,1,0.99,-1.0,flat,0.3,62.9,2X spike (2d) | separate spike events | quiet/consolidating | rev +19% | midcap sweet spot
CASY,60,40,5,15,560.69,31858657280,Consumer Cyclical,Specialty Retail,2.27,1,0,1.05,4.7,flat,11.1,93.0,2X spike (1d) | vol trend up | quiet/consolidating | rev +0%
FIVE,60,40,5,15,188.59,12337957888,Consumer Cyclical,Specialty Retail,3.22,2,1,1.08,27.7,rising,44.3,97.2,2X spike (2d) | vol trend up | quiet/consolidating | rev +24%
TIGO,60,40,5,15,52.95,13475357696,Communication Services,Telecom Services,3.9,2,2,1.12,2.9,flat,35.3,96.6,2X spike (2d) | vol trend up | quiet/consolidating | rev +16%
CBSH,60,25,15,20,52.54,7564376576,Financial Services,Banks - Regional,3.33,1,1,0.98,8.6,rising,-6.1,27.5,2X spike (1d) | near 52w low (27% range) | quiet/consolidating | rev +17% | midcap sweet spot
JNJ,60,40,5,15,205.82,532765245440,Healthcare,Drug Manufacturers - General,2.91,1,0,1.07,4.3,flat,20.4,89.5,2X spike (1d) | vol trend up | quiet/consolidating | rev +10%
CWEN,60,35,5,20,32.99,9162092544,Utilities,Utilities - Renewable,3.09,2,2,0.91,-6.9,dropping,9.9,77.3,2X spike (2d) | separate spike events | quiet/consolidating | rev +19% | midcap sweet spot
APTV,60,40,5,15,76.9,12261293056,Consumer Cyclical,Auto Parts,2.7,1,0,1.04,0.1,flat,6.7,71.4,2X spike (1d) | vol trend up | quiet/consolidating | rev +5%
LOW,60,40,5,15,240.94,128366419968,Consumer Cyclical,Home Improvement Retail,2.72,3,0,1.14,8.1,rising,3.7,56.7,2X spike (3d) | vol trend up | quiet/consolidating | rev +11%
ATR,60,25,15,20,121.79,7721619968,Healthcare,Medical Instruments & Supplies,2.44,1,0,0.94,2.8,flat,-12.0,32.3,2X spike (1d) | near 52w low (32% range) | quiet/consolidating | rev +11% | midcap sweet spot
GPK,60,25,15,20,14.97,3145283072,Consumer Cyclical,Packaging & Containers,3.74,1,1,0.95,-1.9,flat,-26.1,9.2,2X spike (1d) | near 52w low (9% range) | quiet/consolidating | rev +2% | midcap sweet spot
AXP,60,40,5,15,371.39,215635623936,Financial Services,Credit Services,3.09,1,1,1.01,9.4,rising,18.3,91.6,2X spike (1d) | vol trend up | quiet/consolidating | rev +12%
JLL,60,40,5,15,339.13,15303848960,Real Estate,Real Estate Services,2.15,1,0,1.01,16.0,rising,23.3,94.3,2X spike (1d) | vol trend up | quiet/consolidating | rev +11%
TGT,55,40,15,0,96.45,56885575680,Consumer Defensive,Discount Stores,2.42,1,0,1.08,10.1,rising,3.3,25.2,2X spike (1d) | vol trend up | near 52w low (25% range) | quiet/consolidating
CI,55,25,15,15,274.97,76201205760,Healthcare,Healthcare Plans,2.31,1,0,0.84,2.5,flat,-7.1,36.0,2X spike (1d) | near 52w low (36% range) | quiet/consolidating | rev +5%
IQV,55,35,5,15,227.69,29826699264,Healthcare,Diagnostics & Research,3.12,2,1,0.88,5.4,rising,24.1,93.4,2X spike (2d) | separate spike events | quiet/consolidating | rev +8%
WSM,55,50,5,0,180.11,21440942080,Consumer Cyclical,Specialty Retail,2.92,3,0,1.17,0.0,flat,2.4,59.6,2X spike (3d) | vol trend up | separate spike events | quiet/consolidating
PFG,55,50,5,0,88.11,21709244416,Financial Services,Asset Management,2.91,2,0,1.01,10.8,rising,12.2,87.5,2X spike (2d) | vol trend up | separate spike events | quiet/consolidating
TRI,55,25,15,15,131.82,40571920384,Industrials,Specialty Business Services,2.8,1,0,0.86,-2.7,flat,-22.0,5.3,2X spike (1d) | near 52w low (5% range) | quiet/consolidating | rev +10%
AMH,55,25,15,15,31.86,11549876224,Real Estate,REIT - Residential,2.03,1,0,0.96,2.0,flat,-5.6,27.9,2X spike (1d) | near 52w low (28% range) | quiet/consolidating | rev +3%
AON,55,25,15,15,355.55,66804736000,Financial Services,Insurance Brokers,2.17,1,0,0.9,1.8,flat,-0.8,38.4,2X spike (1d) | near 52w low (38% range) | quiet/consolidating | rev +6%
ESS,55,25,15,15,258.54,18165497856,Real Estate,REIT - Residential,2.66,1,0,0.92,4.6,flat,-1.8,35.9,2X spike (1d) | near 52w low (36% range) | quiet/consolidating | rev +6%
JHX,55,25,15,15,20.86,12171984896,Basic Materials,Building Materials,2.53,1,0,0.97,25.0,rising,-9.1,23.8,2X spike (1d) | near 52w low (24% range) | quiet/consolidating | rev +30%
CPT,55,50,5,0,109.52,10282630144,Real Estate,REIT - Residential,6.9,3,1,1.07,9.5,rising,2.4,56.6,2X spike (3d) | vol trend up | separate spike events | quiet/consolidating
ELS,55,25,15,15,60.45,12672275456,Real Estate,REIT - Residential,2.48,1,0,0.81,-0.4,flat,-0.5,35.0,2X spike (1d) | near 52w low (35% range) | quiet/consolidating | rev +1%
AXON,55,25,15,15,572.11,32526163968,Industrials,Aerospace & Defense,3.64,1,1,0.97,5.3,rising,-15.9,24.7,2X spike (1d) | near 52w low (25% range) | quiet/consolidating | rev +34%
ELF,55,25,10,20,76.8,3593919488,Consumer Defensive,Household & Personal Products,2.09,1,0,0.82,5.5,rising,-23.6,27.0,2X spike (1d) | near 52w low (27% range) | rev +38% | midcap sweet spot
BURL,55,40,0,15,288.01,19132446720,Consumer Cyclical,Apparel Retail,4.34,2,1,1.14,5.0,flat,11.1,78.2,2X spike (2d) | vol trend up | rev +11%
CPAY,55,25,15,15,305.1,22748743680,Technology,Software - Infrastructure,2.7,2,0,0.93,11.3,rising,-2.8,35.3,2X spike (2d) | near 52w low (35% range) | quiet/consolidating | rev +25%
MAA,55,25,15,15,136.66,15430127616,Real Estate,REIT - Residential,2.65,1,0,0.97,7.4,rising,-2.5,33.5,2X spike (1d) | near 52w low (33% range) | quiet/consolidating | rev +1%
CMG,55,25,15,15,37.04,41676029952,Consumer Cyclical,Restaurants,2.11,1,0,0.89,21.3,rising,-16.4,23.2,2X spike (1d) | near 52w low (23% range) | quiet/consolidating | rev +7%
APG,55,35,5,15,38.86,19079360512,Industrials,Engineering & Construction,2.37,2,0,0.95,3.9,flat,17.6,91.4,2X spike (2d) | separate spike events | quiet/consolidating | rev +15%
AR,55,40,0,15,35.1,11135505408,Energy,Oil & Gas E&P,2.48,1,0,1.04,4.3,flat,-0.5,40.2,2X spike (1d) | vol trend up | rev +34%
DT,55,25,15,15,44.1,12270572544,Technology,Software - Application,2.11,1,0,0.99,-2.3,flat,-10.3,20.3,2X spike (1d) | near 52w low (20% range) | quiet/consolidating | rev +18%
ROP,55,25,15,15,448.02,34646949888,Technology,Software - Application,2.99,3,0,0.96,1.4,flat,-13.9,9.3,2X spike (3d) | near 52w low (9% range) | quiet/consolidating | rev +11%
BALL,55,35,5,15,53.08,15580745728,Consumer Cyclical,Packaging & Containers,2.41,2,0,0.93,12.5,rising,3.5,60.9,2X spike (2d) | separate spike events | quiet/consolidating | rev +16%
RKLB,55,40,0,15,70.45,61040865280,Industrials,Aerospace & Defense,2.27,2,0,1.02,62.7,rising,71.3,85.6,2X spike (2d) | vol trend up | rev +64%
CNC,55,25,15,15,41.21,27632879616,Healthcare,Healthcare Plans,2.08,1,0,0.77,11.1,rising,-3.9,38.7,2X spike (1d) | near 52w low (39% range) | quiet/consolidating | rev +5%
HRL,55,40,15,0,23.35,11247809536,Consumer Defensive,Packaged Foods,2.14,1,0,1.01,7.6,rising,-10.5,29.1,2X spike (1d) | vol trend up | near 52w low (29% range) | quiet/consolidating
CLSK,55,25,10,20,10.42,3631691264,Financial Services,Capital Markets,2.23,1,0,0.92,-1.8,flat,-9.8,23.1,2X spike (1d) | near 52w low (23% range) | rev +12% | midcap sweet spot
ALK,55,25,10,20,50.13,4550759424,Industrials,Airlines,2.2,1,0,0.94,28.2,rising,-0.3,30.9,2X spike (1d) | near 52w low (31% range) | rev +5% | midcap sweet spot
UDR,55,25,15,15,36.11,13675732992,Real Estate,REIT - Residential,2.09,1,0,0.92,7.3,rising,-3.6,33.7,2X spike (1d) | near 52w low (34% range) | quiet/consolidating | rev +4%
ULTA,55,40,0,15,606.89,22812153856,Consumer Cyclical,Specialty Retail,4.78,3,1,1.21,19.1,rising,25.2,96.9,2X spike (3d) | vol trend up | rev +12%
KIM,55,35,5,15,20.13,15834671104,Real Estate,REIT - Retail,2.28,3,0,0.96,2.6,flat,-1.3,56.9,2X spike (3d) | separate spike events | quiet/consolidating | rev +4%
VRSN,55,35,5,15,245.01,26227109888,Technology,Software - Infrastructure,2.82,3,0,0.96,-1.4,flat,-7.1,42.1,2X spike (3d) | separate spike events | quiet/consolidating | rev +7%
REGN,55,35,5,15,773.01,74948378624,Healthcare,Biotechnology,2.23,2,0,1.0,10.0,rising,28.6,94.1,2X spike (2d) | separate spike events | quiet/consolidating | rev +19%
ATI,55,35,5,15,116.17,21615552512,Industrials,Metal Fabrication,2.13,2,0,0.96,17.6,rising,44.0,98.3,2X spike (2d) | separate spike events | quiet/consolidating | rev +1%
BRO,55,25,15,15,80.04,19133605888,Financial Services,Insurance Brokers,2.69,1,0,0.85,-0.6,flat,-18.7,8.3,2X spike (1d) | near 52w low (8% range) | quiet/consolidating | rev +36%
RRC,55,15,20,20,36.0,9547413504,Energy,Oil & Gas E&P,1.62,0,0,1.03,-5.2,dropping,-2.2,45.4,vol trend up | price down + vol up | quiet/consolidating | rev +26% | midcap sweet spot
PYPL,55,25,15,15,58.92,40021123072,Financial Services,Credit Services,2.09,1,0,0.93,-4.3,flat,-13.0,9.1,2X spike (1d) | near 52w low (9% range) | quiet/consolidating | rev +7%
AVGO,55,40,0,15,349.12,2035907428352,Technology,Semiconductors,5.67,5,2,1.29,2.3,flat,21.7,76.9,2X spike (5d) | vol trend up | rev +30%
HCA,55,35,5,15,472.56,96542466048,Healthcare,Medical Care Facilities,3.28,2,1,0.98,-0.7,flat,18.5,80.1,2X spike (2d) | separate spike events | quiet/consolidating | rev +4%
AEP,55,35,5,15,114.25,70820700160,Utilities,Utilities - Regulated Electric,2.13,2,0,0.97,-6.2,dropping,6.4,76.8,2X spike (2d) | separate spike events | quiet/consolidating | rev +10%
SAIC,55,50,0,5,101.75,4048607232,Technology,Information Technology Services,4.92,3,1,1.17,17.7,rising,-4.0,46.9,2X spike (3d) | vol trend up | separate spike events | midcap sweet spot
PM,55,35,5,15,160.52,266497982464,Consumer Defensive,Tobacco,2.85,2,0,0.91,7.0,rising,0.4,71.4,2X spike (2d) | separate spike events | quiet/consolidating | rev +9%
OSCR,55,25,10,20,14.51,5666371584,Healthcare,Healthcare Plans,3.89,1,1,0.77,1.8,flat,-9.8,26.3,2X spike (1d) | near 52w low (26% range) | rev +53% | midcap sweet spot
GGG,55,35,5,15,82.53,12877469696,Industrials,Specialty Industrial Machinery,2.45,2,0,0.97,4.8,flat,-0.2,66.2,2X spike (2d) | separate spike events | quiet/consolidating | rev +2%
CCL,55,40,0,15,30.68,36539981824,Consumer Cyclical,Travel Services,3.9,1,1,1.01,21.5,rising,17.6,88.4,2X spike (1d) | vol trend up | rev +6%
SW,55,25,15,15,38.5,21791481856,Consumer Cyclical,Packaging & Containers,2.11,1,0,0.95,14.5,rising,-7.4,28.0,2X spike (1d) | near 52w low (28% range) | quiet/consolidating | rev +1%
ENTG,55,40,0,15,86.56,22709452800,Technology,Semiconductor Equipment & Materials,2.27,1,0,1.07,15.9,rising,4.1,52.8,2X spike (1d) | vol trend up | rev +5%
Z,55,25,10,20,69.36,9479259136,Communication Services,Internet Content & Information,3.92,1,1,0.92,1.4,flat,-6.0,32.6,2X spike (1d) | near 52w low (33% range) | rev +18% | midcap sweet spot
AMTM,55,50,0,5,29.3,5983729664,Industrials,Specialty Business Services,5.44,5,2,1.35,36.3,rising,25.6,83.8,2X spike (5d) | vol trend up | separate spike events | midcap sweet spot
DJT,55,40,10,5,12.57,2473197824,Communication Services,Internet Content & Information,12.07,3,3,1.34,15.9,rising,-29.6,7.2,2X spike (3d) | vol trend up | near 52w low (7% range) | midcap sweet spot
ODFL,55,50,5,0,159.09,41246351360,Industrials,Trucking,2.33,3,0,1.06,22.9,rising,4.7,40.7,2X spike (3d) | vol trend up | separate spike events | quiet/consolidating
IEX,55,25,15,15,178.63,16055346176,Industrials,Specialty Industrial Machinery,2.4,1,0,0.97,10.1,rising,4.3,38.6,2X spike (1d) | near 52w low (39% range) | quiet/consolidating | rev +9%
VRSK,55,25,15,15,223.79,22518722560,Industrials,Consulting Services,2.25,1,0,0.94,2.6,flat,-16.3,22.3,2X spike (1d) | near 52w low (22% range) | quiet/consolidating | rev +4%
EOG,55,25,15,15,103.86,69257691136,Energy,Oil & Gas E&P,2.6,1,0,0.93,-3.5,flat,-6.5,17.0,2X spike (1d) | near 52w low (17% range) | quiet/consolidating | rev +16%
PNR,55,35,5,15,105.19,12414537728,Industrials,Specialty Industrial Machinery,2.58,2,0,0.98,3.9,flat,4.4,80.2,2X spike (2d) | separate spike events | quiet/consolidating | rev +3%
MUSA,55,25,15,15,404.78,10673653760,Consumer Cyclical,Specialty Retail,2.76,1,0,0.88,13.2,rising,-1.6,34.7,2X spike (1d) | near 52w low (35% range) | quiet/consolidating | rev +7%
PSTG,55,40,15,0,67.79,22405251072,Technology,Computer Hardware,5.61,3,1,1.27,-19.4,dropping,2.9,50.4,2X spike (3d) | vol trend up | price down + vol up
CMI,55,35,5,15,511.89,93770473472,Industrials,Specialty Industrial Machinery,2.41,2,0,0.99,13.1,rising,34.9,95.2,2X spike (2d) | separate spike events | quiet/consolidating | rev +3%
ZBRA,55,25,15,15,246.74,11118800896,Technology,Communication Equipment,2.15,1,0,0.9,6.0,rising,-13.9,18.5,2X spike (1d) | near 52w low (18% range) | quiet/consolidating | rev +11%
MDB,55,40,0,15,421.23,24068261888,Technology,Software - Infrastructure,4.14,2,1,1.11,24.0,rising,59.4,93.5,2X spike (2d) | vol trend up | rev +27%
MRSH,55,25,15,15,185.46,78652948480,Financial Services,Insurance Brokers,2.73,1,0,0.93,3.6,flat,-9.3,18.4,2X spike (1d) | near 52w low (18% range) | quiet/consolidating | rev +8%
EXPD,55,35,5,15,150.12,20493664256,Industrials,Integrated Freight & Logistics,2.32,2,0,0.97,6.1,rising,23.8,91.2,2X spike (2d) | separate spike events | quiet/consolidating | rev +4%
SYF,55,35,5,15,83.63,24602118144,Financial Services,Credit Services,3.19,2,1,0.97,19.6,rising,25.6,95.3,2X spike (2d) | separate spike events | quiet/consolidating | rev +6%
MRVL,55,40,0,15,86.65,148771586048,Technology,Semiconductors,2.58,1,0,1.06,4.0,flat,17.0,49.6,2X spike (1d) | vol trend up | rev +22%
ASTS,55,40,0,15,74.68,29123674112,Technology,Communication Equipment,2.01,1,0,1.01,31.9,rising,54.6,67.0,2X spike (1d) | vol trend up | rev +2731%
CAVA,55,25,10,20,58.34,9243143168,Consumer Cyclical,Restaurants,2.26,1,0,0.95,29.0,rising,-20.0,14.8,2X spike (1d) | near 52w low (15% range) | rev +21% | midcap sweet spot
MU,55,40,0,15,292.51,842203070464,Technology,Semiconductors,2.53,2,0,1.06,21.0,rising,99.0,97.4,2X spike (2d) | vol trend up | rev +196%
AJG,55,25,15,15,261.03,51098054656,Financial Services,Insurance Brokers,2.5,1,0,0.96,1.2,flat,-12.5,22.7,2X spike (1d) | near 52w low (23% range) | quiet/consolidating | rev +35%
CTAS,55,25,15,15,189.91,66802544640,Industrials,Specialty Business Services,3.34,1,1,0.97,3.6,flat,-6.9,22.6,2X spike (1d) | near 52w low (23% range) | quiet/consolidating | rev +9%
CCEP,55,35,5,15,91.6,41873424384,Consumer Defensive,Beverages - Non-Alcoholic,3.58,2,1,0.9,1.8,flat,2.7,72.8,2X spike (2d) | separate spike events | quiet/consolidating | rev +0%
WBD,55,50,5,0,28.94,67968479232,Communication Services,Entertainment,3.64,3,2,1.28,27.3,rising,90.7,95.3,2X spike (3d) | vol trend up | separate spike events | quiet/consolidating
ITW,55,35,5,15,247.65,73294446592,Industrials,Specialty Industrial Machinery,3.09,2,1,0.94,3.9,flat,0.7,63.6,2X spike (2d) | separate spike events | quiet/consolidating | rev +5%
CINF,55,35,5,15,163.98,24981907456,Financial Services,Insurance - Property & Casualty,2.1,2,0,0.97,2.7,flat,9.7,91.6,2X spike (2d) | separate spike events | quiet/consolidating | rev +12%
DG,55,40,0,15,134.6,24949440512,Consumer Defensive,Discount Stores,4.14,2,2,1.19,31.7,rising,29.6,94.6,2X spike (2d) | vol trend up | rev +6%
MTD,55,35,5,15,1414.32,22768631808,Healthcare,Diagnostics & Research,3.17,2,1,0.97,1.8,flat,12.8,80.8,2X spike (2d) | separate spike events | quiet/consolidating | rev +7%
EXC,55,35,5,15,43.55,44929069056,Utilities,Utilities - Regulated Electric,2.42,2,0,1.0,-5.8,dropping,-0.4,66.2,2X spike (2d) | separate spike events | quiet/consolidating | rev +8%
IP,55,25,15,15,39.34,17489944576,Consumer Cyclical,Packaging & Containers,2.05,1,0,0.92,8.3,rising,-12.3,19.5,2X spike (1d) | near 52w low (20% range) | quiet/consolidating | rev +13%
VMC,55,35,5,15,288.33,36814057472,Basic Materials,Building Materials,2.24,3,0,0.96,3.1,flat,4.9,77.0,2X spike (3d) | separate spike events | quiet/consolidating | rev +7%
SHW,55,25,15,15,325.44,78139097088,Basic Materials,Specialty Chemicals,2.31,1,0,0.86,-0.2,flat,-4.9,26.9,2X spike (1d) | near 52w low (27% range) | quiet/consolidating | rev +7%
